DATAFLOW,LAST UPDATE,freq,siec,partner,unit,geo,TIME_PERIOD,OBS_VALUE,OBS_FLAG,CONF_STATUS
ESTAT:NRG_TI_GAS(1.0),04/02/26 23:00:00,Annual,Natural gas,Russia,Million cubic metres,Albania,2015,0.000,,
ESTAT:NRG_TI_GAS(1.0),04/02/26 23:00:00,Annual,Natural gas,Russia,Million cubic metres,Albania,2016,0.000,,
ESTAT:NRG_TI_GAS(1.0),04/02/26 23:00:00,Annual,Natural gas,Russia,Million cubic metres,Albania,2017,0.000,,
ESTAT:NRG_TI_GAS(1.0),04/02/26 23:00:00,Annual,Natural gas,Russia,Million cubic metres,Albania,2018,0.000,,
ESTAT:NRG_TI_GAS(1.0),04/02/26 23:00:00,Annual,Natural gas,Russia,Million cubic metres,Albania,2019,0.000,,
ESTAT:NRG_TI_GAS(1.0),04/02/26 23:00:00,Annual,Natural gas,Russia,Million cubic metres,Albania,2020,0.000,,
ESTAT:NRG_TI_GAS(1.0),04/02/26 23:00:00,Annual,Natural gas,Russia,Million cubic metres,Albania,2021,0.000,,
ESTAT:NRG_TI_GAS(1.0),04/02/26 23:00:00,Annual,Natural gas,Russia,Million cubic metres,Albania,2022,0.000,,
ESTAT:NRG_TI_GAS(1.0),04/02/26 23:00:00,Annual,Natural gas,Russia,Million cubic metres,Albania,2023,0.000,,
ESTAT:NRG_TI_GAS(1.0),04/02/26 23:00:00,Annual,Natural gas,Russia,Million cubic metres,Albania,2024,0.000,,
ESTAT:NRG_TI_GAS(1.0),04/02/26 23:00:00,Annual,Natural gas,Russia,Million cubic metres,Austria,2015,0.000,,
ESTAT:NRG_TI_GAS(1.0),04/02/26 23:00:00,Annual,Natural gas,Russia,Million cubic metres,Austria,2016,0.000,,
ESTAT:NRG_TI_GAS(1.0),04/02/26 23:00:00,Annual,Natural gas,Russia,Million cubic metres,Austria,2017,0.000,,
ESTAT:NRG_TI_GAS(1.0),04/02/26 23:00:00,Annual,Natural gas,Russia,Million cubic metres,Austria,2018,0.000,,
ESTAT:NRG_TI_GAS(1.0),04/02/26 23:00:00,Annual,Natural gas,Russia,Million cubic metres,Austria,2019,0.000,,
ESTAT:NRG_TI_GAS(1.0),04/02/26 23:00:00,Annual,Natural gas,Russia,Million cubic metres,Austria,2020,0.000,,
ESTAT:NRG_TI_GAS(1.0),04/02/26 23:00:00,Annual,Natural gas,Russia,Million cubic metres,Austria,2021,0.000,,
ESTAT:NRG_TI_GAS(1.0),04/02/26 23:00:00,Annual,Natural gas,Russia,Million cubic metres,Austria,2022,0.000,,
ESTAT:NRG_TI_GAS(1.0),04/02/26 23:00:00,Annual,Natural gas,Russia,Million cubic metres,Austria,2023,0.000,,
ESTAT:NRG_TI_GAS(1.0),04/02/26 23:00:00,Annual,Natural gas,Russia,Million cubic metres,Austria,2024,0.000,,
ESTAT:NRG_TI_GAS(1.0),04/02/26 23:00:00,Annual,Natural gas,Russia,Million cubic metres,Bosnia and Herzegovina,2015,218.000,,
ESTAT:NRG_TI_GAS(1.0),04/02/26 23:00:00,Annual,Natural gas,Russia,Million cubic metres,Bosnia and Herzegovina,2016,227.000,,
ESTAT:NRG_TI_GAS(1.0),04/02/26 23:00:00,Annual,Natural gas,Russia,Million cubic metres,Bosnia and Herzegovina,2017,245.000,,
ESTAT:NRG_TI_GAS(1.0),04/02/26 23:00:00,Annual,Natural gas,Russia,Million cubic metres,Bosnia and Herzegovina,2018,244.604,,
ESTAT:NRG_TI_GAS(1.0),04/02/26 23:00:00,Annual,Natural gas,Russia,Million cubic metres,Bosnia and Herzegovina,2019,230.980,,
ESTAT:NRG_TI_GAS(1.0),04/02/26 23:00:00,Annual,Natural gas,Russia,Million cubic metres,Bosnia and Herzegovina,2020,210.686,,
ESTAT:NRG_TI_GAS(1.0),04/02/26 23:00:00,Annual,Natural gas,Russia,Million cubic metres,Bosnia and Herzegovina,2021,253.953,,
ESTAT:NRG_TI_GAS(1.0),04/02/26 23:00:00,Annual,Natural gas,Russia,Million cubic metres,Bosnia and Herzegovina,2022,247.419,,
ESTAT:NRG_TI_GAS(1.0),04/02/26 23:00:00,Annual,Natural gas,Russia,Million cubic metres,Bosnia and Herzegovina,2023,223.200,,
ESTAT:NRG_TI_GAS(1.0),04/02/26 23:00:00,Annual,Natural gas,Russia,Million cubic metres,Belgium,2015,0.000,,
ESTAT:NRG_TI_GAS(1.0),04/02/26 23:00:00,Annual,Natural gas,Russia,Million cubic metres,Belgium,2016,0.000,,
ESTAT:NRG_TI_GAS(1.0),04/02/26 23:00:00,Annual,Natural gas,Russia,Million cubic metres,Belgium,2017,1478.100,,
ESTAT:NRG_TI_GAS(1.0),04/02/26 23:00:00,Annual,Natural gas,Russia,Million cubic metres,Belgium,2018,2403.000,,
ESTAT:NRG_TI_GAS(1.0),04/02/26 23:00:00,Annual,Natural gas,Russia,Million cubic metres,Belgium,2019,3766.500,,
ESTAT:NRG_TI_GAS(1.0),04/02/26 23:00:00,Annual,Natural gas,Russia,Million cubic metres,Belgium,2020,2818.100,,
ESTAT:NRG_TI_GAS(1.0),04/02/26 23:00:00,Annual,Natural gas,Russia,Million cubic metres,Belgium,2021,2404.900,,
ESTAT:NRG_TI_GAS(1.0),04/02/26 23:00:00,Annual,Natural gas,Russia,Million cubic metres,Belgium,2022,2820.800,,
ESTAT:NRG_TI_GAS(1.0),04/02/26 23:00:00,Annual,Natural gas,Russia,Million cubic metres,Belgium,2023,4018.800,,
ESTAT:NRG_TI_GAS(1.0),04/02/26 23:00:00,Annual,Natural gas,Russia,Million cubic metres,Belgium,2024,3444.700,,
ESTAT:NRG_TI_GAS(1.0),04/02/26 23:00:00,Annual,Natural gas,Russia,Million cubic metres,Bulgaria,2015,3010.000,,
ESTAT:NRG_TI_GAS(1.0),04/02/26 23:00:00,Annual,Natural gas,Russia,Million cubic metres,Bulgaria,2016,3094.000,,
ESTAT:NRG_TI_GAS(1.0),04/02/26 23:00:00,Annual,Natural gas,Russia,Million cubic metres,Bulgaria,2017,3268.781,,
ESTAT:NRG_TI_GAS(1.0),04/02/26 23:00:00,Annual,Natural gas,Russia,Million cubic metres,Bulgaria,2018,3111.458,,
ESTAT:NRG_TI_GAS(1.0),04/02/26 23:00:00,Annual,Natural gas,Russia,Million cubic metres,Bulgaria,2019,2342.221,,
ESTAT:NRG_TI_GAS(1.0),04/02/26 23:00:00,Annual,Natural gas,Russia,Million cubic metres,Bulgaria,2020,2201.204,,
ESTAT:NRG_TI_GAS(1.0),04/02/26 23:00:00,Annual,Natural gas,Russia,Million cubic metres,Bulgaria,2021,2626.527,,
ESTAT:NRG_TI_GAS(1.0),04/02/26 23:00:00,Annual,Natural gas,Russia,Million cubic metres,Bulgaria,2022,1205.349,,
ESTAT:NRG_TI_GAS(1.0),04/02/26 23:00:00,Annual,Natural gas,Russia,Million cubic metres,Bulgaria,2023,0.000,,
ESTAT:NRG_TI_GAS(1.0),04/02/26 23:00:00,Annual,Natural gas,Russia,Million cubic metres,Bulgaria,2024,0.000,,
ESTAT:NRG_TI_GAS(1.0),04/02/26 23:00:00,Annual,Natural gas,Russia,Million cubic metres,Cyprus,2015,0.000,,
ESTAT:NRG_TI_GAS(1.0),04/02/26 23:00:00,Annual,Natural gas,Russia,Million cubic metres,Cyprus,2016,0.000,,
ESTAT:NRG_TI_GAS(1.0),04/02/26 23:00:00,Annual,Natural gas,Russia,Million cubic metres,Cyprus,2017,0.000,,
ESTAT:NRG_TI_GAS(1.0),04/02/26 23:00:00,Annual,Natural gas,Russia,Million cubic metres,Cyprus,2018,0.000,,
ESTAT:NRG_TI_GAS(1.0),04/02/26 23:00:00,Annual,Natural gas,Russia,Million cubic metres,Cyprus,2019,0.000,,
ESTAT:NRG_TI_GAS(1.0),04/02/26 23:00:00,Annual,Natural gas,Russia,Million cubic metres,Cyprus,2020,0.000,,
ESTAT:NRG_TI_GAS(1.0),04/02/26 23:00:00,Annual,Natural gas,Russia,Million cubic metres,Cyprus,2021,0.000,,
ESTAT:NRG_TI_GAS(1.0),04/02/26 23:00:00,Annual,Natural gas,Russia,Million cubic metres,Cyprus,2022,0.000,,
ESTAT:NRG_TI_GAS(1.0),04/02/26 23:00:00,Annual,Natural gas,Russia,Million cubic metres,Cyprus,2023,0.000,,
ESTAT:NRG_TI_GAS(1.0),04/02/26 23:00:00,Annual,Natural gas,Russia,Million cubic metres,Cyprus,2024,0.000,,
ESTAT:NRG_TI_GAS(1.0),04/02/26 23:00:00,Annual,Natural gas,Russia,Million cubic metres,Czechia,2015,7460.000,,
ESTAT:NRG_TI_GAS(1.0),04/02/26 23:00:00,Annual,Natural gas,Russia,Million cubic metres,Czechia,2016,8121.000,,
ESTAT:NRG_TI_GAS(1.0),04/02/26 23:00:00,Annual,Natural gas,Russia,Million cubic metres,Czechia,2017,8817.000,,
ESTAT:NRG_TI_GAS(1.0),04/02/26 23:00:00,Annual,Natural gas,Russia,Million cubic metres,Czechia,2018,7968.390,,
ESTAT:NRG_TI_GAS(1.0),04/02/26 23:00:00,Annual,Natural gas,Russia,Million cubic metres,Czechia,2019,9507.601,,
ESTAT:NRG_TI_GAS(1.0),04/02/26 23:00:00,Annual,Natural gas,Russia,Million cubic metres,Czechia,2020,7589.967,,
ESTAT:NRG_TI_GAS(1.0),04/02/26 23:00:00,Annual,Natural gas,Russia,Million cubic metres,Czechia,2021,8718.897,,
ESTAT:NRG_TI_GAS(1.0),04/02/26 23:00:00,Annual,Natural gas,Russia,Million cubic metres,Czechia,2022,6837.935,,
ESTAT:NRG_TI_GAS(1.0),04/02/26 23:00:00,Annual,Natural gas,Russia,Million cubic metres,Czechia,2023,551.475,,
ESTAT:NRG_TI_GAS(1.0),04/02/26 23:00:00,Annual,Natural gas,Russia,Million cubic metres,Czechia,2024,1791.029,,
ESTAT:NRG_TI_GAS(1.0),04/02/26 23:00:00,Annual,Natural gas,Russia,Million cubic metres,Germany,2015,43626.000,,
ESTAT:NRG_TI_GAS(1.0),04/02/26 23:00:00,Annual,Natural gas,Russia,Million cubic metres,Germany,2016,58671.000,,
ESTAT:NRG_TI_GAS(1.0),04/02/26 23:00:00,Annual,Natural gas,Russia,Million cubic metres,Germany,2017,62079.783,,
ESTAT:NRG_TI_GAS(1.0),04/02/26 23:00:00,Annual,Natural gas,Russia,Million cubic metres,Germany,2018,43108.053,,
ESTAT:NRG_TI_GAS(1.0),04/02/26 23:00:00,Annual,Natural gas,Russia,Million cubic metres,Germany,2019,46249.986,,
ESTAT:NRG_TI_GAS(1.0),04/02/26 23:00:00,Annual,Natural gas,Russia,Million cubic metres,Germany,2020,52463.565,,
ESTAT:NRG_TI_GAS(1.0),04/02/26 23:00:00,Annual,Natural gas,Russia,Million cubic metres,Germany,2021,55443.282,,
ESTAT:NRG_TI_GAS(1.0),04/02/26 23:00:00,Annual,Natural gas,Russia,Million cubic metres,Germany,2022,25941.144,,
ESTAT:NRG_TI_GAS(1.0),04/02/26 23:00:00,Annual,Natural gas,Russia,Million cubic metres,Germany,2023,0.000,,
ESTAT:NRG_TI_GAS(1.0),04/02/26 23:00:00,Annual,Natural gas,Russia,Million cubic metres,Germany,2024,0.000,,
ESTAT:NRG_TI_GAS(1.0),04/02/26 23:00:00,Annual,Natural gas,Russia,Million cubic metres,Denmark,2015,0.000,,
ESTAT:NRG_TI_GAS(1.0),04/02/26 23:00:00,Annual,Natural gas,Russia,Million cubic metres,Denmark,2016,0.000,,
ESTAT:NRG_TI_GAS(1.0),04/02/26 23:00:00,Annual,Natural gas,Russia,Million cubic metres,Denmark,2017,0.000,,
ESTAT:NRG_TI_GAS(1.0),04/02/26 23:00:00,Annual,Natural gas,Russia,Million cubic metres,Denmark,2018,0.000,,
ESTAT:NRG_TI_GAS(1.0),04/02/26 23:00:00,Annual,Natural gas,Russia,Million cubic metres,Denmark,2019,0.000,,
ESTAT:NRG_TI_GAS(1.0),04/02/26 23:00:00,Annual,Natural gas,Russia,Million cubic metres,Denmark,2020,0.000,,
ESTAT:NRG_TI_GAS(1.0),04/02/26 23:00:00,Annual,Natural gas,Russia,Million cubic metres,Denmark,2021,0.000,,
ESTAT:NRG_TI_GAS(1.0),04/02/26 23:00:00,Annual,Natural gas,Russia,Million cubic metres,Denmark,2022,0.000,,
ESTAT:NRG_TI_GAS(1.0),04/02/26 23:00:00,Annual,Natural gas,Russia,Million cubic metres,Denmark,2023,0.000,,
ESTAT:NRG_TI_GAS(1.0),04/02/26 23:00:00,Annual,Natural gas,Russia,Million cubic metres,Denmark,2024,0.000,,
ESTAT:NRG_TI_GAS(1.0),04/02/26 23:00:00,Annual,Natural gas,Russia,Million cubic metres,Euro area – 20 countries (2023-2025),2015,100138.316,,
ESTAT:NRG_TI_GAS(1.0),04/02/26 23:00:00,Annual,Natural gas,Russia,Million cubic metres,Euro area – 20 countries (2023-2025),2016,122422.401,,
ESTAT:NRG_TI_GAS(1.0),04/02/26 23:00:00,Annual,Natural gas,Russia,Million cubic metres,Euro area – 20 countries (2023-2025),2017,126537.779,,
ESTAT:NRG_TI_GAS(1.0),04/02/26 23:00:00,Annual,Natural gas,Russia,Million cubic metres,Euro area – 20 countries (2023-2025),2018,117499.172,,
ESTAT:NRG_TI_GAS(1.0),04/02/26 23:00:00,Annual,Natural gas,Russia,Million cubic metres,Euro area – 20 countries (2023-2025),2019,126246.947,,
ESTAT:NRG_TI_GAS(1.0),04/02/26 23:00:00,Annual,Natural gas,Russia,Million cubic metres,Euro area – 20 countries (2023-2025),2020,120130.119,,
ESTAT:NRG_TI_GAS(1.0),04/02/26 23:00:00,Annual,Natural gas,Russia,Million cubic metres,Euro area – 20 countries (2023-2025),2021,121420.687,,
ESTAT:NRG_TI_GAS(1.0),04/02/26 23:00:00,Annual,Natural gas,Russia,Million cubic metres,Euro area – 20 countries (2023-2025),2022,64692.895,,
ESTAT:NRG_TI_GAS(1.0),04/02/26 23:00:00,Annual,Natural gas,Russia,Million cubic metres,Euro area – 20 countries (2023-2025),2023,26320.700,,
ESTAT:NRG_TI_GAS(1.0),04/02/26 23:00:00,Annual,Natural gas,Russia,Million cubic metres,Euro area – 20 countries (2023-2025),2024,31926.267,,
ESTAT:NRG_TI_GAS(1.0),04/02/26 23:00:00,Annual,Natural gas,Russia,Million cubic metres,Euro area – 21 countries (from 2026),2015,103148.316,,
ESTAT:NRG_TI_GAS(1.0),04/02/26 23:00:00,Annual,Natural gas,Russia,Million cubic metres,Euro area – 21 countries (from 2026),2016,125516.401,,
ESTAT:NRG_TI_GAS(1.0),04/02/26 23:00:00,Annual,Natural gas,Russia,Million cubic metres,Euro area – 21 countries (from 2026),2017,129806.56,,
ESTAT:NRG_TI_GAS(1.0),04/02/26 23:00:00,Annual,Natural gas,Russia,Million cubic metres,Euro area – 21 countries (from 2026),2018,120610.63,,
ESTAT:NRG_TI_GAS(1.0),04/02/26 23:00:00,Annual,Natural gas,Russia,Million cubic metres,Euro area – 21 countries (from 2026),2019,128589.168,,
ESTAT:NRG_TI_GAS(1.0),04/02/26 23:00:00,Annual,Natural gas,Russia,Million cubic metres,Euro area – 21 countries (from 2026),2020,122331.323,,
ESTAT:NRG_TI_GAS(1.0),04/02/26 23:00:00,Annual,Natural gas,Russia,Million cubic metres,Euro area – 21 countries (from 2026),2021,124047.214,,
ESTAT:NRG_TI_GAS(1.0),04/02/26 23:00:00,Annual,Natural gas,Russia,Million cubic metres,Euro area – 21 countries (from 2026),2022,65898.244,,
ESTAT:NRG_TI_GAS(1.0),04/02/26 23:00:00,Annual,Natural gas,Russia,Million cubic metres,Euro area – 21 countries (from 2026),2023,26320.7,,
ESTAT:NRG_TI_GAS(1.0),04/02/26 23:00:00,Annual,Natural gas,Russia,Million cubic metres,Euro area – 21 countries (from 2026),2024,31926.267,,
ESTAT:NRG_TI_GAS(1.0),04/02/26 23:00:00,Annual,Natural gas,Russia,Million cubic metres,Estonia,2015,471.000,,
ESTAT:NRG_TI_GAS(1.0),04/02/26 23:00:00,Annual,Natural gas,Russia,Million cubic metres,Estonia,2016,518.000,,
ESTAT:NRG_TI_GAS(1.0),04/02/26 23:00:00,Annual,Natural gas,Russia,Million cubic metres,Estonia,2017,502.000,,
ESTAT:NRG_TI_GAS(1.0),04/02/26 23:00:00,Annual,Natural gas,Russia,Million cubic metres,Estonia,2018,523.000,,
ESTAT:NRG_TI_GAS(1.0),04/02/26 23:00:00,Annual,Natural gas,Russia,Million cubic metres,Estonia,2019,481.000,,
ESTAT:NRG_TI_GAS(1.0),04/02/26 23:00:00,Annual,Natural gas,Russia,Million cubic metres,Estonia,2020,206.600,,
ESTAT:NRG_TI_GAS(1.0),04/02/26 23:00:00,Annual,Natural gas,Russia,Million cubic metres,Estonia,2021,58.100,,
ESTAT:NRG_TI_GAS(1.0),04/02/26 23:00:00,Annual,Natural gas,Russia,Million cubic metres,Estonia,2022,0.000,,
ESTAT:NRG_TI_GAS(1.0),04/02/26 23:00:00,Annual,Natural gas,Russia,Million cubic metres,Estonia,2023,0.000,,
ESTAT:NRG_TI_GAS(1.0),04/02/26 23:00:00,Annual,Natural gas,Russia,Million cubic metres,Estonia,2024,0.000,,
ESTAT:NRG_TI_GAS(1.0),04/02/26 23:00:00,Annual,Natural gas,Russia,Million cubic metres,Greece,2015,1947.000,,
ESTAT:NRG_TI_GAS(1.0),04/02/26 23:00:00,Annual,Natural gas,Russia,Million cubic metres,Greece,2016,2633.000,,
ESTAT:NRG_TI_GAS(1.0),04/02/26 23:00:00,Annual,Natural gas,Russia,Million cubic metres,Greece,2017,2893.560,,
ESTAT:NRG_TI_GAS(1.0),04/02/26 23:00:00,Annual,Natural gas,Russia,Million cubic metres,Greece,2018,3232.030,,
ESTAT:NRG_TI_GAS(1.0),04/02/26 23:00:00,Annual,Natural gas,Russia,Million cubic metres,Greece,2019,1685.818,,
ESTAT:NRG_TI_GAS(1.0),04/02/26 23:00:00,Annual,Natural gas,Russia,Million cubic metres,Greece,2020,2304.719,,
ESTAT:NRG_TI_GAS(1.0),04/02/26 23:00:00,Annual,Natural gas,Russia,Million cubic metres,Greece,2021,2604.046,,
ESTAT:NRG_TI_GAS(1.0),04/02/26 23:00:00,Annual,Natural gas,Russia,Million cubic metres,Greece,2022,1000.670,,
ESTAT:NRG_TI_GAS(1.0),04/02/26 23:00:00,Annual,Natural gas,Russia,Million cubic metres,Greece,2023,2111.097,,
ESTAT:NRG_TI_GAS(1.0),04/02/26 23:00:00,Annual,Natural gas,Russia,Million cubic metres,Greece,2024,3339.778,,
ESTAT:NRG_TI_GAS(1.0),04/02/26 23:00:00,Annual,Natural gas,Russia,Million cubic metres,Spain,2015,0.000,,
ESTAT:NRG_TI_GAS(1.0),04/02/26 23:00:00,Annual,Natural gas,Russia,Million cubic metres,Spain,2016,0.000,,
ESTAT:NRG_TI_GAS(1.0),04/02/26 23:00:00,Annual,Natural gas,Russia,Million cubic metres,Spain,2017,0.000,,
ESTAT:NRG_TI_GAS(1.0),04/02/26 23:00:00,Annual,Natural gas,Russia,Million cubic metres,Spain,2018,868.000,,
ESTAT:NRG_TI_GAS(1.0),04/02/26 23:00:00,Annual,Natural gas,Russia,Million cubic metres,Spain,2019,3168.000,,
ESTAT:NRG_TI_GAS(1.0),04/02/26 23:00:00,Annual,Natural gas,Russia,Million cubic metres,Spain,2020,3387.000,,
ESTAT:NRG_TI_GAS(1.0),04/02/26 23:00:00,Annual,Natural gas,Russia,Million cubic metres,Spain,2021,3219.544,,
ESTAT:NRG_TI_GAS(1.0),04/02/26 23:00:00,Annual,Natural gas,Russia,Million cubic metres,Spain,2022,4982.849,,
ESTAT:NRG_TI_GAS(1.0),04/02/26 23:00:00,Annual,Natural gas,Russia,Million cubic metres,Spain,2023,6465.524,,
ESTAT:NRG_TI_GAS(1.0),04/02/26 23:00:00,Annual,Natural gas,Russia,Million cubic metres,Spain,2024,6436.165,,
ESTAT:NRG_TI_GAS(1.0),04/02/26 23:00:00,Annual,Natural gas,Russia,Million cubic metres,European Union - 27 countries (from 2020),2015,126027.316,,
ESTAT:NRG_TI_GAS(1.0),04/02/26 23:00:00,Annual,Natural gas,Russia,Million cubic metres,European Union - 27 countries (from 2020),2016,153173.401,,
ESTAT:NRG_TI_GAS(1.0),04/02/26 23:00:00,Annual,Natural gas,Russia,Million cubic metres,European Union - 27 countries (from 2020),2017,159476.603,,
ESTAT:NRG_TI_GAS(1.0),04/02/26 23:00:00,Annual,Natural gas,Russia,Million cubic metres,European Union - 27 countries (from 2020),2018,146964.629,,
ESTAT:NRG_TI_GAS(1.0),04/02/26 23:00:00,Annual,Natural gas,Russia,Million cubic metres,European Union - 27 countries (from 2020),2019,159774.903,,
ESTAT:NRG_TI_GAS(1.0),04/02/26 23:00:00,Annual,Natural gas,Russia,Million cubic metres,European Union - 27 countries (from 2020),2020,148162.014,,
ESTAT:NRG_TI_GAS(1.0),04/02/26 23:00:00,Annual,Natural gas,Russia,Million cubic metres,European Union - 27 countries (from 2020),2021,153225.519,,
ESTAT:NRG_TI_GAS(1.0),04/02/26 23:00:00,Annual,Natural gas,Russia,Million cubic metres,European Union - 27 countries (from 2020),2022,83823.861,,
ESTAT:NRG_TI_GAS(1.0),04/02/26 23:00:00,Annual,Natural gas,Russia,Million cubic metres,European Union - 27 countries (from 2020),2023,33402.777,,
ESTAT:NRG_TI_GAS(1.0),04/02/26 23:00:00,Annual,Natural gas,Russia,Million cubic metres,European Union - 27 countries (from 2020),2024,37843.285,,
ESTAT:NRG_TI_GAS(1.0),04/02/26 23:00:00,Annual,Natural gas,Russia,Million cubic metres,Finland,2015,2713.000,,
ESTAT:NRG_TI_GAS(1.0),04/02/26 23:00:00,Annual,Natural gas,Russia,Million cubic metres,Finland,2016,2496.000,,
ESTAT:NRG_TI_GAS(1.0),04/02/26 23:00:00,Annual,Natural gas,Russia,Million cubic metres,Finland,2017,2322.000,,
ESTAT:NRG_TI_GAS(1.0),04/02/26 23:00:00,Annual,Natural gas,Russia,Million cubic metres,Finland,2018,2577.000,,
ESTAT:NRG_TI_GAS(1.0),04/02/26 23:00:00,Annual,Natural gas,Russia,Million cubic metres,Finland,2019,2517.000,,
ESTAT:NRG_TI_GAS(1.0),04/02/26 23:00:00,Annual,Natural gas,Russia,Million cubic metres,Finland,2020,1730.000,,
ESTAT:NRG_TI_GAS(1.0),04/02/26 23:00:00,Annual,Natural gas,Russia,Million cubic metres,Finland,2021,1927.000,,
ESTAT:NRG_TI_GAS(1.0),04/02/26 23:00:00,Annual,Natural gas,Russia,Million cubic metres,Finland,2022,673.000,,
ESTAT:NRG_TI_GAS(1.0),04/02/26 23:00:00,Annual,Natural gas,Russia,Million cubic metres,Finland,2023,181.000,,
ESTAT:NRG_TI_GAS(1.0),04/02/26 23:00:00,Annual,Natural gas,Russia,Million cubic metres,Finland,2024,141.000,,
ESTAT:NRG_TI_GAS(1.0),04/02/26 23:00:00,Annual,Natural gas,Russia,Million cubic metres,France,2015,5801.093,,
ESTAT:NRG_TI_GAS(1.0),04/02/26 23:00:00,Annual,Natural gas,Russia,Million cubic metres,France,2016,9316.699,,
ESTAT:NRG_TI_GAS(1.0),04/02/26 23:00:00,Annual,Natural gas,Russia,Million cubic metres,France,2017,9149.357,,
ESTAT:NRG_TI_GAS(1.0),04/02/26 23:00:00,Annual,Natural gas,Russia,Million cubic metres,France,2018,10297.653,,
ESTAT:NRG_TI_GAS(1.0),04/02/26 23:00:00,Annual,Natural gas,Russia,Million cubic metres,France,2019,11054.701,,
ESTAT:NRG_TI_GAS(1.0),04/02/26 23:00:00,Annual,Natural gas,Russia,Million cubic metres,France,2020,8221.596,,
ESTAT:NRG_TI_GAS(1.0),04/02/26 23:00:00,Annual,Natural gas,Russia,Million cubic metres,France,2021,10755.646,,
ESTAT:NRG_TI_GAS(1.0),04/02/26 23:00:00,Annual,Natural gas,Russia,Million cubic metres,France,2022,8149.455,,
ESTAT:NRG_TI_GAS(1.0),04/02/26 23:00:00,Annual,Natural gas,Russia,Million cubic metres,France,2023,6009.860,,
ESTAT:NRG_TI_GAS(1.0),04/02/26 23:00:00,Annual,Natural gas,Russia,Million cubic metres,France,2024,7406.350,,
ESTAT:NRG_TI_GAS(1.0),04/02/26 23:00:00,Annual,Natural gas,Russia,Million cubic metres,Georgia,2015,0.000,,
ESTAT:NRG_TI_GAS(1.0),04/02/26 23:00:00,Annual,Natural gas,Russia,Million cubic metres,Georgia,2016,0.000,,
ESTAT:NRG_TI_GAS(1.0),04/02/26 23:00:00,Annual,Natural gas,Russia,Million cubic metres,Georgia,2017,0.000,,
ESTAT:NRG_TI_GAS(1.0),04/02/26 23:00:00,Annual,Natural gas,Russia,Million cubic metres,Georgia,2018,0.000,,
ESTAT:NRG_TI_GAS(1.0),04/02/26 23:00:00,Annual,Natural gas,Russia,Million cubic metres,Georgia,2019,0.000,,
ESTAT:NRG_TI_GAS(1.0),04/02/26 23:00:00,Annual,Natural gas,Russia,Million cubic metres,Georgia,2020,0.000,,
ESTAT:NRG_TI_GAS(1.0),04/02/26 23:00:00,Annual,Natural gas,Russia,Million cubic metres,Georgia,2021,0.000,,
ESTAT:NRG_TI_GAS(1.0),04/02/26 23:00:00,Annual,Natural gas,Russia,Million cubic metres,Georgia,2022,0.000,,
ESTAT:NRG_TI_GAS(1.0),04/02/26 23:00:00,Annual,Natural gas,Russia,Million cubic metres,Georgia,2023,0.000,,
ESTAT:NRG_TI_GAS(1.0),04/02/26 23:00:00,Annual,Natural gas,Russia,Million cubic metres,Georgia,2024,0.000,,
ESTAT:NRG_TI_GAS(1.0),04/02/26 23:00:00,Annual,Natural gas,Russia,Million cubic metres,Croatia,2015,0.000,,
ESTAT:NRG_TI_GAS(1.0),04/02/26 23:00:00,Annual,Natural gas,Russia,Million cubic metres,Croatia,2016,0.000,,
ESTAT:NRG_TI_GAS(1.0),04/02/26 23:00:00,Annual,Natural gas,Russia,Million cubic metres,Croatia,2017,0.000,,
ESTAT:NRG_TI_GAS(1.0),04/02/26 23:00:00,Annual,Natural gas,Russia,Million cubic metres,Croatia,2018,0.000,,
ESTAT:NRG_TI_GAS(1.0),04/02/26 23:00:00,Annual,Natural gas,Russia,Million cubic metres,Croatia,2019,0.000,,
ESTAT:NRG_TI_GAS(1.0),04/02/26 23:00:00,Annual,Natural gas,Russia,Million cubic metres,Croatia,2020,0.000,,
ESTAT:NRG_TI_GAS(1.0),04/02/26 23:00:00,Annual,Natural gas,Russia,Million cubic metres,Croatia,2021,0.000,,
ESTAT:NRG_TI_GAS(1.0),04/02/26 23:00:00,Annual,Natural gas,Russia,Million cubic metres,Croatia,2022,0.000,,
ESTAT:NRG_TI_GAS(1.0),04/02/26 23:00:00,Annual,Natural gas,Russia,Million cubic metres,Croatia,2023,0.000,,
ESTAT:NRG_TI_GAS(1.0),04/02/26 23:00:00,Annual,Natural gas,Russia,Million cubic metres,Croatia,2024,0.000,,
ESTAT:NRG_TI_GAS(1.0),04/02/26 23:00:00,Annual,Natural gas,Russia,Million cubic metres,Hungary,2015,6450.000,,
ESTAT:NRG_TI_GAS(1.0),04/02/26 23:00:00,Annual,Natural gas,Russia,Million cubic metres,Hungary,2016,7174.000,,
ESTAT:NRG_TI_GAS(1.0),04/02/26 23:00:00,Annual,Natural gas,Russia,Million cubic metres,Hungary,2017,9353.000,,
ESTAT:NRG_TI_GAS(1.0),04/02/26 23:00:00,Annual,Natural gas,Russia,Million cubic metres,Hungary,2018,7353.000,,
ESTAT:NRG_TI_GAS(1.0),04/02/26 23:00:00,Annual,Natural gas,Russia,Million cubic metres,Hungary,2019,11086.000,,
ESTAT:NRG_TI_GAS(1.0),04/02/26 23:00:00,Annual,Natural gas,Russia,Million cubic metres,Hungary,2020,7539.000,,
ESTAT:NRG_TI_GAS(1.0),04/02/26 23:00:00,Annual,Natural gas,Russia,Million cubic metres,Hungary,2021,7105.000,,
ESTAT:NRG_TI_GAS(1.0),04/02/26 23:00:00,Annual,Natural gas,Russia,Million cubic metres,Hungary,2022,7671.000,,
ESTAT:NRG_TI_GAS(1.0),04/02/26 23:00:00,Annual,Natural gas,Russia,Million cubic metres,Hungary,2023,6413.000,,
ESTAT:NRG_TI_GAS(1.0),04/02/26 23:00:00,Annual,Natural gas,Russia,Million cubic metres,Hungary,2024,4064.000,,
ESTAT:NRG_TI_GAS(1.0),04/02/26 23:00:00,Annual,Natural gas,Russia,Million cubic metres,Ireland,2015,0.000,,
ESTAT:NRG_TI_GAS(1.0),04/02/26 23:00:00,Annual,Natural gas,Russia,Million cubic metres,Ireland,2016,0.000,,
ESTAT:NRG_TI_GAS(1.0),04/02/26 23:00:00,Annual,Natural gas,Russia,Million cubic metres,Ireland,2017,0.000,,
ESTAT:NRG_TI_GAS(1.0),04/02/26 23:00:00,Annual,Natural gas,Russia,Million cubic metres,Ireland,2018,0.000,,
ESTAT:NRG_TI_GAS(1.0),04/02/26 23:00:00,Annual,Natural gas,Russia,Million cubic metres,Ireland,2019,0.000,,
ESTAT:NRG_TI_GAS(1.0),04/02/26 23:00:00,Annual,Natural gas,Russia,Million cubic metres,Ireland,2020,0.000,,
ESTAT:NRG_TI_GAS(1.0),04/02/26 23:00:00,Annual,Natural gas,Russia,Million cubic metres,Ireland,2021,0.000,,
ESTAT:NRG_TI_GAS(1.0),04/02/26 23:00:00,Annual,Natural gas,Russia,Million cubic metres,Ireland,2022,0.000,,
ESTAT:NRG_TI_GAS(1.0),04/02/26 23:00:00,Annual,Natural gas,Russia,Million cubic metres,Ireland,2023,0.000,,
ESTAT:NRG_TI_GAS(1.0),04/02/26 23:00:00,Annual,Natural gas,Russia,Million cubic metres,Ireland,2024,0.000,,
ESTAT:NRG_TI_GAS(1.0),04/02/26 23:00:00,Annual,Natural gas,Russia,Million cubic metres,Iceland,2015,0.000,,
ESTAT:NRG_TI_GAS(1.0),04/02/26 23:00:00,Annual,Natural gas,Russia,Million cubic metres,Iceland,2016,0.000,,
ESTAT:NRG_TI_GAS(1.0),04/02/26 23:00:00,Annual,Natural gas,Russia,Million cubic metres,Iceland,2017,0.000,,
ESTAT:NRG_TI_GAS(1.0),04/02/26 23:00:00,Annual,Natural gas,Russia,Million cubic metres,Iceland,2018,0.000,,
ESTAT:NRG_TI_GAS(1.0),04/02/26 23:00:00,Annual,Natural gas,Russia,Million cubic metres,Iceland,2019,0.000,,
ESTAT:NRG_TI_GAS(1.0),04/02/26 23:00:00,Annual,Natural gas,Russia,Million cubic metres,Iceland,2020,0.000,,
ESTAT:NRG_TI_GAS(1.0),04/02/26 23:00:00,Annual,Natural gas,Russia,Million cubic metres,Iceland,2021,0.000,,
ESTAT:NRG_TI_GAS(1.0),04/02/26 23:00:00,Annual,Natural gas,Russia,Million cubic metres,Iceland,2023,0.000,,
ESTAT:NRG_TI_GAS(1.0),04/02/26 23:00:00,Annual,Natural gas,Russia,Million cubic metres,Italy,2015,27656.000,,
ESTAT:NRG_TI_GAS(1.0),04/02/26 23:00:00,Annual,Natural gas,Russia,Million cubic metres,Italy,2016,26830.000,,
ESTAT:NRG_TI_GAS(1.0),04/02/26 23:00:00,Annual,Natural gas,Russia,Million cubic metres,Italy,2017,33107.878,,
ESTAT:NRG_TI_GAS(1.0),04/02/26 23:00:00,Annual,Natural gas,Russia,Million cubic metres,Italy,2018,32846.356,,
ESTAT:NRG_TI_GAS(1.0),04/02/26 23:00:00,Annual,Natural gas,Russia,Million cubic metres,Italy,2019,33449.393,,
ESTAT:NRG_TI_GAS(1.0),04/02/26 23:00:00,Annual,Natural gas,Russia,Million cubic metres,Italy,2020,28716.082,,
ESTAT:NRG_TI_GAS(1.0),04/02/26 23:00:00,Annual,Natural gas,Russia,Million cubic metres,Italy,2021,29170.696,,
ESTAT:NRG_TI_GAS(1.0),04/02/26 23:00:00,Annual,Natural gas,Russia,Million cubic metres,Italy,2022,13987.589,,
ESTAT:NRG_TI_GAS(1.0),04/02/26 23:00:00,Annual,Natural gas,Russia,Million cubic metres,Italy,2023,2931.000,,
ESTAT:NRG_TI_GAS(1.0),04/02/26 23:00:00,Annual,Natural gas,Russia,Million cubic metres,Italy,2024,5696.153,,
ESTAT:NRG_TI_GAS(1.0),04/02/26 23:00:00,Annual,Natural gas,Russia,Million cubic metres,Liechtenstein,2019,0.000,,
ESTAT:NRG_TI_GAS(1.0),04/02/26 23:00:00,Annual,Natural gas,Russia,Million cubic metres,Liechtenstein,2020,11.759,,
ESTAT:NRG_TI_GAS(1.0),04/02/26 23:00:00,Annual,Natural gas,Russia,Million cubic metres,Liechtenstein,2021,12.000,,
ESTAT:NRG_TI_GAS(1.0),04/02/26 23:00:00,Annual,Natural gas,Russia,Million cubic metres,Liechtenstein,2022,4.371,,
ESTAT:NRG_TI_GAS(1.0),04/02/26 23:00:00,Annual,Natural gas,Russia,Million cubic metres,Liechtenstein,2023,1.764,,
ESTAT:NRG_TI_GAS(1.0),04/02/26 23:00:00,Annual,Natural gas,Russia,Million cubic metres,Lithuania,2015,2138.000,,
ESTAT:NRG_TI_GAS(1.0),04/02/26 23:00:00,Annual,Natural gas,Russia,Million cubic metres,Lithuania,2016,869.000,,
ESTAT:NRG_TI_GAS(1.0),04/02/26 23:00:00,Annual,Natural gas,Russia,Million cubic metres,Lithuania,2017,1343.000,,
ESTAT:NRG_TI_GAS(1.0),04/02/26 23:00:00,Annual,Natural gas,Russia,Million cubic metres,Lithuania,2018,1303.000,,
ESTAT:NRG_TI_GAS(1.0),04/02/26 23:00:00,Annual,Natural gas,Russia,Million cubic metres,Lithuania,2019,1191.000,,
ESTAT:NRG_TI_GAS(1.0),04/02/26 23:00:00,Annual,Natural gas,Russia,Million cubic metres,Lithuania,2020,1196.000,,
ESTAT:NRG_TI_GAS(1.0),04/02/26 23:00:00,Annual,Natural gas,Russia,Million cubic metres,Lithuania,2021,887.200,,
ESTAT:NRG_TI_GAS(1.0),04/02/26 23:00:00,Annual,Natural gas,Russia,Million cubic metres,Lithuania,2022,279.000,,
ESTAT:NRG_TI_GAS(1.0),04/02/26 23:00:00,Annual,Natural gas,Russia,Million cubic metres,Lithuania,2023,0.000,,
ESTAT:NRG_TI_GAS(1.0),04/02/26 23:00:00,Annual,Natural gas,Russia,Million cubic metres,Lithuania,2024,0.000,,
ESTAT:NRG_TI_GAS(1.0),04/02/26 23:00:00,Annual,Natural gas,Russia,Million cubic metres,Luxembourg,2015,221.000,,
ESTAT:NRG_TI_GAS(1.0),04/02/26 23:00:00,Annual,Natural gas,Russia,Million cubic metres,Luxembourg,2016,203.000,,
ESTAT:NRG_TI_GAS(1.0),04/02/26 23:00:00,Annual,Natural gas,Russia,Million cubic metres,Luxembourg,2017,142.614,,
ESTAT:NRG_TI_GAS(1.0),04/02/26 23:00:00,Annual,Natural gas,Russia,Million cubic metres,Luxembourg,2018,199.104,,
ESTAT:NRG_TI_GAS(1.0),04/02/26 23:00:00,Annual,Natural gas,Russia,Million cubic metres,Luxembourg,2019,91.174,,
ESTAT:NRG_TI_GAS(1.0),04/02/26 23:00:00,Annual,Natural gas,Russia,Million cubic metres,Luxembourg,2020,163.835,,
ESTAT:NRG_TI_GAS(1.0),04/02/26 23:00:00,Annual,Natural gas,Russia,Million cubic metres,Luxembourg,2021,141.631,,
ESTAT:NRG_TI_GAS(1.0),04/02/26 23:00:00,Annual,Natural gas,Russia,Million cubic metres,Luxembourg,2022,0.007,,
ESTAT:NRG_TI_GAS(1.0),04/02/26 23:00:00,Annual,Natural gas,Russia,Million cubic metres,Luxembourg,2023,1.870,,
ESTAT:NRG_TI_GAS(1.0),04/02/26 23:00:00,Annual,Natural gas,Russia,Million cubic metres,Luxembourg,2024,0.000,,
ESTAT:NRG_TI_GAS(1.0),04/02/26 23:00:00,Annual,Natural gas,Russia,Million cubic metres,Latvia,2015,1306.000,,
ESTAT:NRG_TI_GAS(1.0),04/02/26 23:00:00,Annual,Natural gas,Russia,Million cubic metres,Latvia,2016,1132.000,,
ESTAT:NRG_TI_GAS(1.0),04/02/26 23:00:00,Annual,Natural gas,Russia,Million cubic metres,Latvia,2017,1242.660,,
ESTAT:NRG_TI_GAS(1.0),04/02/26 23:00:00,Annual,Natural gas,Russia,Million cubic metres,Latvia,2018,1414.807,,
ESTAT:NRG_TI_GAS(1.0),04/02/26 23:00:00,Annual,Natural gas,Russia,Million cubic metres,Latvia,2019,1353.952,,
ESTAT:NRG_TI_GAS(1.0),04/02/26 23:00:00,Annual,Natural gas,Russia,Million cubic metres,Latvia,2020,1114.949,,
ESTAT:NRG_TI_GAS(1.0),04/02/26 23:00:00,Annual,Natural gas,Russia,Million cubic metres,Latvia,2021,1186.959,,
ESTAT:NRG_TI_GAS(1.0),04/02/26 23:00:00,Annual,Natural gas,Russia,Million cubic metres,Latvia,2022,189.834,,
ESTAT:NRG_TI_GAS(1.0),04/02/26 23:00:00,Annual,Natural gas,Russia,Million cubic metres,Latvia,2023,0.000,,
ESTAT:NRG_TI_GAS(1.0),04/02/26 23:00:00,Annual,Natural gas,Russia,Million cubic metres,Latvia,2024,0.000,,
ESTAT:NRG_TI_GAS(1.0),04/02/26 23:00:00,Annual,Natural gas,Russia,Million cubic metres,Moldova,2015,1007.000,,
ESTAT:NRG_TI_GAS(1.0),04/02/26 23:00:00,Annual,Natural gas,Russia,Million cubic metres,Moldova,2016,1037.000,,
ESTAT:NRG_TI_GAS(1.0),04/02/26 23:00:00,Annual,Natural gas,Russia,Million cubic metres,Moldova,2017,1033.482,,
ESTAT:NRG_TI_GAS(1.0),04/02/26 23:00:00,Annual,Natural gas,Russia,Million cubic metres,Moldova,2018,1129.700,,
ESTAT:NRG_TI_GAS(1.0),04/02/26 23:00:00,Annual,Natural gas,Russia,Million cubic metres,Moldova,2019,1039.600,,
ESTAT:NRG_TI_GAS(1.0),04/02/26 23:00:00,Annual,Natural gas,Russia,Million cubic metres,Moldova,2020,1056.000,,
ESTAT:NRG_TI_GAS(1.0),04/02/26 23:00:00,Annual,Natural gas,Russia,Million cubic metres,Moldova,2021,1198.300,,
ESTAT:NRG_TI_GAS(1.0),04/02/26 23:00:00,Annual,Natural gas,Russia,Million cubic metres,Moldova,2022,848.400,,
ESTAT:NRG_TI_GAS(1.0),04/02/26 23:00:00,Annual,Natural gas,Russia,Million cubic metres,Moldova,2023,70.700,,
ESTAT:NRG_TI_GAS(1.0),04/02/26 23:00:00,Annual,Natural gas,Russia,Million cubic metres,Moldova,2024,0.000,,
ESTAT:NRG_TI_GAS(1.0),04/02/26 23:00:00,Annual,Natural gas,Russia,Million cubic metres,Montenegro,2015,0.000,,
ESTAT:NRG_TI_GAS(1.0),04/02/26 23:00:00,Annual,Natural gas,Russia,Million cubic metres,Montenegro,2016,0.000,,
ESTAT:NRG_TI_GAS(1.0),04/02/26 23:00:00,Annual,Natural gas,Russia,Million cubic metres,Montenegro,2017,0.000,,
ESTAT:NRG_TI_GAS(1.0),04/02/26 23:00:00,Annual,Natural gas,Russia,Million cubic metres,Montenegro,2018,0.000,,
ESTAT:NRG_TI_GAS(1.0),04/02/26 23:00:00,Annual,Natural gas,Russia,Million cubic metres,Montenegro,2019,0.000,,
ESTAT:NRG_TI_GAS(1.0),04/02/26 23:00:00,Annual,Natural gas,Russia,Million cubic metres,Montenegro,2020,0.000,,
ESTAT:NRG_TI_GAS(1.0),04/02/26 23:00:00,Annual,Natural gas,Russia,Million cubic metres,Montenegro,2021,0.000,,
ESTAT:NRG_TI_GAS(1.0),04/02/26 23:00:00,Annual,Natural gas,Russia,Million cubic metres,Montenegro,2022,0.000,,
ESTAT:NRG_TI_GAS(1.0),04/02/26 23:00:00,Annual,Natural gas,Russia,Million cubic metres,Montenegro,2023,0.000,,
ESTAT:NRG_TI_GAS(1.0),04/02/26 23:00:00,Annual,Natural gas,Russia,Million cubic metres,Montenegro,2024,0.000,,
ESTAT:NRG_TI_GAS(1.0),04/02/26 23:00:00,Annual,Natural gas,Russia,Million cubic metres,North Macedonia,2015,135.000,,
ESTAT:NRG_TI_GAS(1.0),04/02/26 23:00:00,Annual,Natural gas,Russia,Million cubic metres,North Macedonia,2016,211.000,,
ESTAT:NRG_TI_GAS(1.0),04/02/26 23:00:00,Annual,Natural gas,Russia,Million cubic metres,North Macedonia,2017,271.000,,
ESTAT:NRG_TI_GAS(1.0),04/02/26 23:00:00,Annual,Natural gas,Russia,Million cubic metres,North Macedonia,2018,251.000,,
ESTAT:NRG_TI_GAS(1.0),04/02/26 23:00:00,Annual,Natural gas,Russia,Million cubic metres,North Macedonia,2019,292.000,,
ESTAT:NRG_TI_GAS(1.0),04/02/26 23:00:00,Annual,Natural gas,Russia,Million cubic metres,North Macedonia,2020,334.462,,
ESTAT:NRG_TI_GAS(1.0),04/02/26 23:00:00,Annual,Natural gas,Russia,Million cubic metres,North Macedonia,2021,432.146,,
ESTAT:NRG_TI_GAS(1.0),04/02/26 23:00:00,Annual,Natural gas,Russia,Million cubic metres,North Macedonia,2022,286.985,,
ESTAT:NRG_TI_GAS(1.0),04/02/26 23:00:00,Annual,Natural gas,Russia,Million cubic metres,North Macedonia,2023,356.334,,
ESTAT:NRG_TI_GAS(1.0),04/02/26 23:00:00,Annual,Natural gas,Russia,Million cubic metres,North Macedonia,2024,330.724,,
ESTAT:NRG_TI_GAS(1.0),04/02/26 23:00:00,Annual,Natural gas,Russia,Million cubic metres,Malta,2015,0.000,,
ESTAT:NRG_TI_GAS(1.0),04/02/26 23:00:00,Annual,Natural gas,Russia,Million cubic metres,Malta,2016,0.000,,
ESTAT:NRG_TI_GAS(1.0),04/02/26 23:00:00,Annual,Natural gas,Russia,Million cubic metres,Malta,2017,0.000,,
ESTAT:NRG_TI_GAS(1.0),04/02/26 23:00:00,Annual,Natural gas,Russia,Million cubic metres,Malta,2018,0.000,,
ESTAT:NRG_TI_GAS(1.0),04/02/26 23:00:00,Annual,Natural gas,Russia,Million cubic metres,Malta,2019,0.000,,
ESTAT:NRG_TI_GAS(1.0),04/02/26 23:00:00,Annual,Natural gas,Russia,Million cubic metres,Malta,2020,0.000,,
ESTAT:NRG_TI_GAS(1.0),04/02/26 23:00:00,Annual,Natural gas,Russia,Million cubic metres,Malta,2021,0.000,,
ESTAT:NRG_TI_GAS(1.0),04/02/26 23:00:00,Annual,Natural gas,Russia,Million cubic metres,Malta,2022,0.000,,
ESTAT:NRG_TI_GAS(1.0),04/02/26 23:00:00,Annual,Natural gas,Russia,Million cubic metres,Malta,2023,0.000,,
ESTAT:NRG_TI_GAS(1.0),04/02/26 23:00:00,Annual,Natural gas,Russia,Million cubic metres,Malta,2024,0.000,,
ESTAT:NRG_TI_GAS(1.0),04/02/26 23:00:00,Annual,Natural gas,Russia,Million cubic metres,Netherlands,2015,9608.223,,
ESTAT:NRG_TI_GAS(1.0),04/02/26 23:00:00,Annual,Natural gas,Russia,Million cubic metres,Netherlands,2016,15134.702,,
ESTAT:NRG_TI_GAS(1.0),04/02/26 23:00:00,Annual,Natural gas,Russia,Million cubic metres,Netherlands,2017,7627.252,,
ESTAT:NRG_TI_GAS(1.0),04/02/26 23:00:00,Annual,Natural gas,Russia,Million cubic metres,Netherlands,2018,14054.544,,
ESTAT:NRG_TI_GAS(1.0),04/02/26 23:00:00,Annual,Natural gas,Russia,Million cubic metres,Netherlands,2019,14328.504,,
ESTAT:NRG_TI_GAS(1.0),04/02/26 23:00:00,Annual,Natural gas,Russia,Million cubic metres,Netherlands,2020,13384.845,,
ESTAT:NRG_TI_GAS(1.0),04/02/26 23:00:00,Annual,Natural gas,Russia,Million cubic metres,Netherlands,2021,9176.732,,
ESTAT:NRG_TI_GAS(1.0),04/02/26 23:00:00,Annual,Natural gas,Russia,Million cubic metres,Netherlands,2022,3910.000,,
ESTAT:NRG_TI_GAS(1.0),04/02/26 23:00:00,Annual,Natural gas,Russia,Million cubic metres,Netherlands,2023,1357.909,,
ESTAT:NRG_TI_GAS(1.0),04/02/26 23:00:00,Annual,Natural gas,Russia,Million cubic metres,Netherlands,2024,2127.053,,
ESTAT:NRG_TI_GAS(1.0),04/02/26 23:00:00,Annual,Natural gas,Russia,Million cubic metres,Norway,2015,0.000,,
ESTAT:NRG_TI_GAS(1.0),04/02/26 23:00:00,Annual,Natural gas,Russia,Million cubic metres,Norway,2016,0.000,,
ESTAT:NRG_TI_GAS(1.0),04/02/26 23:00:00,Annual,Natural gas,Russia,Million cubic metres,Norway,2017,0.000,,
ESTAT:NRG_TI_GAS(1.0),04/02/26 23:00:00,Annual,Natural gas,Russia,Million cubic metres,Norway,2018,0.000,,
ESTAT:NRG_TI_GAS(1.0),04/02/26 23:00:00,Annual,Natural gas,Russia,Million cubic metres,Norway,2019,0.000,,
ESTAT:NRG_TI_GAS(1.0),04/02/26 23:00:00,Annual,Natural gas,Russia,Million cubic metres,Norway,2020,10.132,,
ESTAT:NRG_TI_GAS(1.0),04/02/26 23:00:00,Annual,Natural gas,Russia,Million cubic metres,Norway,2021,128.174,,
ESTAT:NRG_TI_GAS(1.0),04/02/26 23:00:00,Annual,Natural gas,Russia,Million cubic metres,Norway,2022,43.874,,
ESTAT:NRG_TI_GAS(1.0),04/02/26 23:00:00,Annual,Natural gas,Russia,Million cubic metres,Norway,2023,58.251,,
ESTAT:NRG_TI_GAS(1.0),04/02/26 23:00:00,Annual,Natural gas,Russia,Million cubic metres,Norway,2024,18.617,,
ESTAT:NRG_TI_GAS(1.0),04/02/26 23:00:00,Annual,Natural gas,Russia,Million cubic metres,Poland,2015,8786.000,,
ESTAT:NRG_TI_GAS(1.0),04/02/26 23:00:00,Annual,Natural gas,Russia,Million cubic metres,Poland,2016,10902.000,,
ESTAT:NRG_TI_GAS(1.0),04/02/26 23:00:00,Annual,Natural gas,Russia,Million cubic metres,Poland,2017,10316.949,,
ESTAT:NRG_TI_GAS(1.0),04/02/26 23:00:00,Annual,Natural gas,Russia,Million cubic metres,Poland,2018,9717.426,,
ESTAT:NRG_TI_GAS(1.0),04/02/26 23:00:00,Annual,Natural gas,Russia,Million cubic metres,Poland,2019,9602.542,,
ESTAT:NRG_TI_GAS(1.0),04/02/26 23:00:00,Annual,Natural gas,Russia,Million cubic metres,Poland,2020,9557.538,,
ESTAT:NRG_TI_GAS(1.0),04/02/26 23:00:00,Annual,Natural gas,Russia,Million cubic metres,Poland,2021,10468.222,,
ESTAT:NRG_TI_GAS(1.0),04/02/26 23:00:00,Annual,Natural gas,Russia,Million cubic metres,Poland,2022,2986.300,,
ESTAT:NRG_TI_GAS(1.0),04/02/26 23:00:00,Annual,Natural gas,Russia,Million cubic metres,Poland,2023,0.000,,
ESTAT:NRG_TI_GAS(1.0),04/02/26 23:00:00,Annual,Natural gas,Russia,Million cubic metres,Poland,2024,0.000,,
ESTAT:NRG_TI_GAS(1.0),04/02/26 23:00:00,Annual,Natural gas,Russia,Million cubic metres,Portugal,2015,0.000,,
ESTAT:NRG_TI_GAS(1.0),04/02/26 23:00:00,Annual,Natural gas,Russia,Million cubic metres,Portugal,2016,0.000,,
ESTAT:NRG_TI_GAS(1.0),04/02/26 23:00:00,Annual,Natural gas,Russia,Million cubic metres,Portugal,2017,0.000,,
ESTAT:NRG_TI_GAS(1.0),04/02/26 23:00:00,Annual,Natural gas,Russia,Million cubic metres,Portugal,2018,0.000,,
ESTAT:NRG_TI_GAS(1.0),04/02/26 23:00:00,Annual,Natural gas,Russia,Million cubic metres,Portugal,2019,97.142,,
ESTAT:NRG_TI_GAS(1.0),04/02/26 23:00:00,Annual,Natural gas,Russia,Million cubic metres,Portugal,2020,669.783,,
ESTAT:NRG_TI_GAS(1.0),04/02/26 23:00:00,Annual,Natural gas,Russia,Million cubic metres,Portugal,2021,780.145,,
ESTAT:NRG_TI_GAS(1.0),04/02/26 23:00:00,Annual,Natural gas,Russia,Million cubic metres,Portugal,2022,298.711,,
ESTAT:NRG_TI_GAS(1.0),04/02/26 23:00:00,Annual,Natural gas,Russia,Million cubic metres,Portugal,2023,366.640,,
ESTAT:NRG_TI_GAS(1.0),04/02/26 23:00:00,Annual,Natural gas,Russia,Million cubic metres,Portugal,2024,246.067,,
ESTAT:NRG_TI_GAS(1.0),04/02/26 23:00:00,Annual,Natural gas,Russia,Million cubic metres,Romania,2015,183.000,,
ESTAT:NRG_TI_GAS(1.0),04/02/26 23:00:00,Annual,Natural gas,Russia,Million cubic metres,Romania,2016,1460.000,,
ESTAT:NRG_TI_GAS(1.0),04/02/26 23:00:00,Annual,Natural gas,Russia,Million cubic metres,Romania,2017,1183.094,,
ESTAT:NRG_TI_GAS(1.0),04/02/26 23:00:00,Annual,Natural gas,Russia,Million cubic metres,Romania,2018,1315.183,,
ESTAT:NRG_TI_GAS(1.0),04/02/26 23:00:00,Annual,Natural gas,Russia,Million cubic metres,Romania,2019,989.592,,
ESTAT:NRG_TI_GAS(1.0),04/02/26 23:00:00,Annual,Natural gas,Russia,Million cubic metres,Romania,2020,959.883,,
ESTAT:NRG_TI_GAS(1.0),04/02/26 23:00:00,Annual,Natural gas,Russia,Million cubic metres,Romania,2021,2765.944,,
ESTAT:NRG_TI_GAS(1.0),04/02/26 23:00:00,Annual,Natural gas,Russia,Million cubic metres,Romania,2022,365.493,,
ESTAT:NRG_TI_GAS(1.0),04/02/26 23:00:00,Annual,Natural gas,Russia,Million cubic metres,Romania,2023,0.000,,
ESTAT:NRG_TI_GAS(1.0),04/02/26 23:00:00,Annual,Natural gas,Russia,Million cubic metres,Romania,2024,0.000,,
ESTAT:NRG_TI_GAS(1.0),04/02/26 23:00:00,Annual,Natural gas,Russia,Million cubic metres,Serbia,2015,1740.000,,
ESTAT:NRG_TI_GAS(1.0),04/02/26 23:00:00,Annual,Natural gas,Russia,Million cubic metres,Serbia,2016,1795.000,,
ESTAT:NRG_TI_GAS(1.0),04/02/26 23:00:00,Annual,Natural gas,Russia,Million cubic metres,Serbia,2017,2182.632,,
ESTAT:NRG_TI_GAS(1.0),04/02/26 23:00:00,Annual,Natural gas,Russia,Million cubic metres,Serbia,2018,2198.330,,
ESTAT:NRG_TI_GAS(1.0),04/02/26 23:00:00,Annual,Natural gas,Russia,Million cubic metres,Serbia,2019,2262.610,,
ESTAT:NRG_TI_GAS(1.0),04/02/26 23:00:00,Annual,Natural gas,Russia,Million cubic metres,Serbia,2020,1989.886,,
ESTAT:NRG_TI_GAS(1.0),04/02/26 23:00:00,Annual,Natural gas,Russia,Million cubic metres,Serbia,2021,2365.051,,
ESTAT:NRG_TI_GAS(1.0),04/02/26 23:00:00,Annual,Natural gas,Russia,Million cubic metres,Serbia,2022,2969.595,,
ESTAT:NRG_TI_GAS(1.0),04/02/26 23:00:00,Annual,Natural gas,Russia,Million cubic metres,Serbia,2023,2657.624,,
ESTAT:NRG_TI_GAS(1.0),04/02/26 23:00:00,Annual,Natural gas,Russia,Million cubic metres,Serbia,2024,2412.376,,
ESTAT:NRG_TI_GAS(1.0),04/02/26 23:00:00,Annual,Natural gas,Russia,Million cubic metres,Sweden,2015,0.000,,
ESTAT:NRG_TI_GAS(1.0),04/02/26 23:00:00,Annual,Natural gas,Russia,Million cubic metres,Sweden,2016,0.000,,
ESTAT:NRG_TI_GAS(1.0),04/02/26 23:00:00,Annual,Natural gas,Russia,Million cubic metres,Sweden,2017,0.000,,
ESTAT:NRG_TI_GAS(1.0),04/02/26 23:00:00,Annual,Natural gas,Russia,Million cubic metres,Sweden,2018,0.000,,
ESTAT:NRG_TI_GAS(1.0),04/02/26 23:00:00,Annual,Natural gas,Russia,Million cubic metres,Sweden,2019,0.000,,
ESTAT:NRG_TI_GAS(1.0),04/02/26 23:00:00,Annual,Natural gas,Russia,Million cubic metres,Sweden,2020,184.303,,
ESTAT:NRG_TI_GAS(1.0),04/02/26 23:00:00,Annual,Natural gas,Russia,Million cubic metres,Sweden,2021,120.242,,
ESTAT:NRG_TI_GAS(1.0),04/02/26 23:00:00,Annual,Natural gas,Russia,Million cubic metres,Sweden,2022,64.889,,
ESTAT:NRG_TI_GAS(1.0),04/02/26 23:00:00,Annual,Natural gas,Russia,Million cubic metres,Sweden,2023,117.602,,
ESTAT:NRG_TI_GAS(1.0),04/02/26 23:00:00,Annual,Natural gas,Russia,Million cubic metres,Sweden,2024,61.990,,
ESTAT:NRG_TI_GAS(1.0),04/02/26 23:00:00,Annual,Natural gas,Russia,Million cubic metres,Slovenia,2015,244.000,,
ESTAT:NRG_TI_GAS(1.0),04/02/26 23:00:00,Annual,Natural gas,Russia,Million cubic metres,Slovenia,2016,293.000,,
ESTAT:NRG_TI_GAS(1.0),04/02/26 23:00:00,Annual,Natural gas,Russia,Million cubic metres,Slovenia,2017,207.575,,
ESTAT:NRG_TI_GAS(1.0),04/02/26 23:00:00,Annual,Natural gas,Russia,Million cubic metres,Slovenia,2018,276.625,,
ESTAT:NRG_TI_GAS(1.0),04/02/26 23:00:00,Annual,Natural gas,Russia,Million cubic metres,Slovenia,2019,105.777,,
ESTAT:NRG_TI_GAS(1.0),04/02/26 23:00:00,Annual,Natural gas,Russia,Million cubic metres,Slovenia,2020,78.045,,
ESTAT:NRG_TI_GAS(1.0),04/02/26 23:00:00,Annual,Natural gas,Russia,Million cubic metres,Slovenia,2021,128.806,,
ESTAT:NRG_TI_GAS(1.0),04/02/26 23:00:00,Annual,Natural gas,Russia,Million cubic metres,Slovenia,2022,71.836,,
ESTAT:NRG_TI_GAS(1.0),04/02/26 23:00:00,Annual,Natural gas,Russia,Million cubic metres,Slovenia,2023,0.000,,
ESTAT:NRG_TI_GAS(1.0),04/02/26 23:00:00,Annual,Natural gas,Russia,Million cubic metres,Slovenia,2024,0.000,,
ESTAT:NRG_TI_GAS(1.0),04/02/26 23:00:00,Annual,Natural gas,Russia,Million cubic metres,Slovakia,2015,4407.000,,
ESTAT:NRG_TI_GAS(1.0),04/02/26 23:00:00,Annual,Natural gas,Russia,Million cubic metres,Slovakia,2016,4326.000,,
ESTAT:NRG_TI_GAS(1.0),04/02/26 23:00:00,Annual,Natural gas,Russia,Million cubic metres,Slovakia,2017,4442.000,,
ESTAT:NRG_TI_GAS(1.0),04/02/26 23:00:00,Annual,Natural gas,Russia,Million cubic metres,Slovakia,2018,4396.000,,
ESTAT:NRG_TI_GAS(1.0),04/02/26 23:00:00,Annual,Natural gas,Russia,Million cubic metres,Slovakia,2019,6707.000,,
ESTAT:NRG_TI_GAS(1.0),04/02/26 23:00:00,Annual,Natural gas,Russia,Million cubic metres,Slovakia,2020,3675.000,,
ESTAT:NRG_TI_GAS(1.0),04/02/26 23:00:00,Annual,Natural gas,Russia,Million cubic metres,Slovakia,2021,3536.000,,
ESTAT:NRG_TI_GAS(1.0),04/02/26 23:00:00,Annual,Natural gas,Russia,Million cubic metres,Slovakia,2022,2388.000,,
ESTAT:NRG_TI_GAS(1.0),04/02/26 23:00:00,Annual,Natural gas,Russia,Million cubic metres,Slovakia,2023,2877.000,,
ESTAT:NRG_TI_GAS(1.0),04/02/26 23:00:00,Annual,Natural gas,Russia,Million cubic metres,Slovakia,2024,3089.000,,
ESTAT:NRG_TI_GAS(1.0),04/02/26 23:00:00,Annual,Natural gas,Russia,Million cubic metres,Türkiye,2015,26784.000,,
ESTAT:NRG_TI_GAS(1.0),04/02/26 23:00:00,Annual,Natural gas,Russia,Million cubic metres,Türkiye,2016,24541.000,,
ESTAT:NRG_TI_GAS(1.0),04/02/26 23:00:00,Annual,Natural gas,Russia,Million cubic metres,Türkiye,2017,28685.000,,
ESTAT:NRG_TI_GAS(1.0),04/02/26 23:00:00,Annual,Natural gas,Russia,Million cubic metres,Türkiye,2018,23643.000,,
ESTAT:NRG_TI_GAS(1.0),04/02/26 23:00:00,Annual,Natural gas,Russia,Million cubic metres,Türkiye,2019,15196.000,,
ESTAT:NRG_TI_GAS(1.0),04/02/26 23:00:00,Annual,Natural gas,Russia,Million cubic metres,Türkiye,2020,16178.050,,
ESTAT:NRG_TI_GAS(1.0),04/02/26 23:00:00,Annual,Natural gas,Russia,Million cubic metres,Türkiye,2021,26342.610,,
ESTAT:NRG_TI_GAS(1.0),04/02/26 23:00:00,Annual,Natural gas,Russia,Million cubic metres,Türkiye,2022,21574.730,,
ESTAT:NRG_TI_GAS(1.0),04/02/26 23:00:00,Annual,Natural gas,Russia,Million cubic metres,Türkiye,2023,21340.410,,
ESTAT:NRG_TI_GAS(1.0),04/02/26 23:00:00,Annual,Natural gas,Russia,Million cubic metres,Türkiye,2024,21571.780,,
ESTAT:NRG_TI_GAS(1.0),04/02/26 23:00:00,Annual,Natural gas,Russia,Million cubic metres,Ukraine,2015,6035.000,,
ESTAT:NRG_TI_GAS(1.0),04/02/26 23:00:00,Annual,Natural gas,Russia,Million cubic metres,Ukraine,2016,0.000,,
ESTAT:NRG_TI_GAS(1.0),04/02/26 23:00:00,Annual,Natural gas,Russia,Million cubic metres,Ukraine,2017,0.000,,
ESTAT:NRG_TI_GAS(1.0),04/02/26 23:00:00,Annual,Natural gas,Russia,Million cubic metres,Ukraine,2018,0.000,,
ESTAT:NRG_TI_GAS(1.0),04/02/26 23:00:00,Annual,Natural gas,Russia,Million cubic metres,Ukraine,2019,0.000,,
ESTAT:NRG_TI_GAS(1.0),04/02/26 23:00:00,Annual,Natural gas,Russia,Million cubic metres,Ukraine,2020,0.000,,
ESTAT:NRG_TI_GAS(1.0),04/02/26 23:00:00,Annual,Natural gas,Russia,Million cubic metres,Ukraine,2021,0.000,,
ESTAT:NRG_TI_GAS(1.0),04/02/26 23:00:00,Annual,Natural gas,Russia,Million cubic metres,Ukraine,2022,0.000,,
ESTAT:NRG_TI_GAS(1.0),04/02/26 23:00:00,Annual,Natural gas,Russia,Million cubic metres,United Kingdom,2015,0.000,,
ESTAT:NRG_TI_GAS(1.0),04/02/26 23:00:00,Annual,Natural gas,Russia,Million cubic metres,United Kingdom,2016,0.000,,
ESTAT:NRG_TI_GAS(1.0),04/02/26 23:00:00,Annual,Natural gas,Russia,Million cubic metres,United Kingdom,2017,98.620,,
ESTAT:NRG_TI_GAS(1.0),04/02/26 23:00:00,Annual,Natural gas,Russia,Million cubic metres,United Kingdom,2018,1530.113,,
ESTAT:NRG_TI_GAS(1.0),04/02/26 23:00:00,Annual,Natural gas,Russia,Million cubic metres,United Kingdom,2019,3180.167,,
ESTAT:NRG_TI_GAS(1.0),04/02/26 23:00:00,Annual,Natural gas,Russia,Million cubic metres,Kosovo*,2015,0.000,,
ESTAT:NRG_TI_GAS(1.0),04/02/26 23:00:00,Annual,Natural gas,Russia,Million cubic metres,Kosovo*,2016,0.000,,
ESTAT:NRG_TI_GAS(1.0),04/02/26 23:00:00,Annual,Natural gas,Russia,Million cubic metres,Kosovo*,2017,0.000,,
ESTAT:NRG_TI_GAS(1.0),04/02/26 23:00:00,Annual,Natural gas,Russia,Million cubic metres,Kosovo*,2018,0.000,,
ESTAT:NRG_TI_GAS(1.0),04/02/26 23:00:00,Annual,Natural gas,Russia,Million cubic metres,Kosovo*,2019,0.000,,
ESTAT:NRG_TI_GAS(1.0),04/02/26 23:00:00,Annual,Natural gas,Russia,Million cubic metres,Kosovo*,2020,0.000,,
ESTAT:NRG_TI_GAS(1.0),04/02/26 23:00:00,Annual,Natural gas,Russia,Million cubic metres,Kosovo*,2021,0.000,,
ESTAT:NRG_TI_GAS(1.0),04/02/26 23:00:00,Annual,Natural gas,Russia,Million cubic metres,Kosovo*,2022,0.000,,
ESTAT:NRG_TI_GAS(1.0),04/02/26 23:00:00,Annual,Natural gas,Russia,Million cubic metres,Kosovo*,2023,0.000,,
ESTAT:NRG_TI_GAS(1.0),04/02/26 23:00:00,Annual,Natural gas,Russia,Million cubic metres,Kosovo*,2024,0.000,,
ESTAT:NRG_TI_GAS(1.0),04/02/26 23:00:00,Annual,Natural gas,Total,Million cubic metres,Albania,2015,0.000,,
ESTAT:NRG_TI_GAS(1.0),04/02/26 23:00:00,Annual,Natural gas,Total,Million cubic metres,Albania,2016,0.000,,
ESTAT:NRG_TI_GAS(1.0),04/02/26 23:00:00,Annual,Natural gas,Total,Million cubic metres,Albania,2017,0.000,,
ESTAT:NRG_TI_GAS(1.0),04/02/26 23:00:00,Annual,Natural gas,Total,Million cubic metres,Albania,2018,0.000,,
ESTAT:NRG_TI_GAS(1.0),04/02/26 23:00:00,Annual,Natural gas,Total,Million cubic metres,Albania,2019,0.000,,
ESTAT:NRG_TI_GAS(1.0),04/02/26 23:00:00,Annual,Natural gas,Total,Million cubic metres,Albania,2020,0.000,,
ESTAT:NRG_TI_GAS(1.0),04/02/26 23:00:00,Annual,Natural gas,Total,Million cubic metres,Albania,2021,0.000,,
ESTAT:NRG_TI_GAS(1.0),04/02/26 23:00:00,Annual,Natural gas,Total,Million cubic metres,Albania,2022,0.000,,
ESTAT:NRG_TI_GAS(1.0),04/02/26 23:00:00,Annual,Natural gas,Total,Million cubic metres,Albania,2023,0.000,,
ESTAT:NRG_TI_GAS(1.0),04/02/26 23:00:00,Annual,Natural gas,Total,Million cubic metres,Albania,2024,0.000,,
ESTAT:NRG_TI_GAS(1.0),04/02/26 23:00:00,Annual,Natural gas,Total,Million cubic metres,Austria,2015,6072.549,,
ESTAT:NRG_TI_GAS(1.0),04/02/26 23:00:00,Annual,Natural gas,Total,Million cubic metres,Austria,2016,7498.885,,
ESTAT:NRG_TI_GAS(1.0),04/02/26 23:00:00,Annual,Natural gas,Total,Million cubic metres,Austria,2017,8464.450,,
ESTAT:NRG_TI_GAS(1.0),04/02/26 23:00:00,Annual,Natural gas,Total,Million cubic metres,Austria,2018,7830.957,,
ESTAT:NRG_TI_GAS(1.0),04/02/26 23:00:00,Annual,Natural gas,Total,Million cubic metres,Austria,2019,11377.632,,
ESTAT:NRG_TI_GAS(1.0),04/02/26 23:00:00,Annual,Natural gas,Total,Million cubic metres,Austria,2020,6462.232,,
ESTAT:NRG_TI_GAS(1.0),04/02/26 23:00:00,Annual,Natural gas,Total,Million cubic metres,Austria,2021,4754.663,,
ESTAT:NRG_TI_GAS(1.0),04/02/26 23:00:00,Annual,Natural gas,Total,Million cubic metres,Austria,2022,12190.070,,
ESTAT:NRG_TI_GAS(1.0),04/02/26 23:00:00,Annual,Natural gas,Total,Million cubic metres,Austria,2023,7117.618,,
ESTAT:NRG_TI_GAS(1.0),04/02/26 23:00:00,Annual,Natural gas,Total,Million cubic metres,Austria,2024,5358.714,,
ESTAT:NRG_TI_GAS(1.0),04/02/26 23:00:00,Annual,Natural gas,Total,Million cubic metres,Bosnia and Herzegovina,2015,218.000,,
ESTAT:NRG_TI_GAS(1.0),04/02/26 23:00:00,Annual,Natural gas,Total,Million cubic metres,Bosnia and Herzegovina,2016,227.000,,
ESTAT:NRG_TI_GAS(1.0),04/02/26 23:00:00,Annual,Natural gas,Total,Million cubic metres,Bosnia and Herzegovina,2017,245.000,,
ESTAT:NRG_TI_GAS(1.0),04/02/26 23:00:00,Annual,Natural gas,Total,Million cubic metres,Bosnia and Herzegovina,2018,244.604,,
ESTAT:NRG_TI_GAS(1.0),04/02/26 23:00:00,Annual,Natural gas,Total,Million cubic metres,Bosnia and Herzegovina,2019,230.980,,
ESTAT:NRG_TI_GAS(1.0),04/02/26 23:00:00,Annual,Natural gas,Total,Million cubic metres,Bosnia and Herzegovina,2020,210.686,,
ESTAT:NRG_TI_GAS(1.0),04/02/26 23:00:00,Annual,Natural gas,Total,Million cubic metres,Bosnia and Herzegovina,2021,253.953,,
ESTAT:NRG_TI_GAS(1.0),04/02/26 23:00:00,Annual,Natural gas,Total,Million cubic metres,Bosnia and Herzegovina,2022,247.419,,
ESTAT:NRG_TI_GAS(1.0),04/02/26 23:00:00,Annual,Natural gas,Total,Million cubic metres,Bosnia and Herzegovina,2023,223.200,,
ESTAT:NRG_TI_GAS(1.0),04/02/26 23:00:00,Annual,Natural gas,Total,Million cubic metres,Belgium,2015,18766.100,,
ESTAT:NRG_TI_GAS(1.0),04/02/26 23:00:00,Annual,Natural gas,Total,Million cubic metres,Belgium,2016,18232.800,,
ESTAT:NRG_TI_GAS(1.0),04/02/26 23:00:00,Annual,Natural gas,Total,Million cubic metres,Belgium,2017,17870.300,b,
ESTAT:NRG_TI_GAS(1.0),04/02/26 23:00:00,Annual,Natural gas,Total,Million cubic metres,Belgium,2018,19804.500,,
ESTAT:NRG_TI_GAS(1.0),04/02/26 23:00:00,Annual,Natural gas,Total,Million cubic metres,Belgium,2019,23264.500,,
ESTAT:NRG_TI_GAS(1.0),04/02/26 23:00:00,Annual,Natural gas,Total,Million cubic metres,Belgium,2020,21678.700,,
ESTAT:NRG_TI_GAS(1.0),04/02/26 23:00:00,Annual,Natural gas,Total,Million cubic metres,Belgium,2021,21280.100,,
ESTAT:NRG_TI_GAS(1.0),04/02/26 23:00:00,Annual,Natural gas,Total,Million cubic metres,Belgium,2022,24182.700,,
ESTAT:NRG_TI_GAS(1.0),04/02/26 23:00:00,Annual,Natural gas,Total,Million cubic metres,Belgium,2023,22783.500,,
ESTAT:NRG_TI_GAS(1.0),04/02/26 23:00:00,Annual,Natural gas,Total,Million cubic metres,Belgium,2024,18952.300,,
ESTAT:NRG_TI_GAS(1.0),04/02/26 23:00:00,Annual,Natural gas,Total,Million cubic metres,Bulgaria,2015,3010.000,,
ESTAT:NRG_TI_GAS(1.0),04/02/26 23:00:00,Annual,Natural gas,Total,Million cubic metres,Bulgaria,2016,3094.000,,
ESTAT:NRG_TI_GAS(1.0),04/02/26 23:00:00,Annual,Natural gas,Total,Million cubic metres,Bulgaria,2017,3268.781,,
ESTAT:NRG_TI_GAS(1.0),04/02/26 23:00:00,Annual,Natural gas,Total,Million cubic metres,Bulgaria,2018,3115.070,,
ESTAT:NRG_TI_GAS(1.0),04/02/26 23:00:00,Annual,Natural gas,Total,Million cubic metres,Bulgaria,2019,2949.968,,
ESTAT:NRG_TI_GAS(1.0),04/02/26 23:00:00,Annual,Natural gas,Total,Million cubic metres,Bulgaria,2020,2925.938,,
ESTAT:NRG_TI_GAS(1.0),04/02/26 23:00:00,Annual,Natural gas,Total,Million cubic metres,Bulgaria,2021,3290.561,,
ESTAT:NRG_TI_GAS(1.0),04/02/26 23:00:00,Annual,Natural gas,Total,Million cubic metres,Bulgaria,2022,2911.098,,
ESTAT:NRG_TI_GAS(1.0),04/02/26 23:00:00,Annual,Natural gas,Total,Million cubic metres,Bulgaria,2023,2544.113,,
ESTAT:NRG_TI_GAS(1.0),04/02/26 23:00:00,Annual,Natural gas,Total,Million cubic metres,Bulgaria,2024,2684.093,,
ESTAT:NRG_TI_GAS(1.0),04/02/26 23:00:00,Annual,Natural gas,Total,Million cubic metres,Cyprus,2015,0.000,,
ESTAT:NRG_TI_GAS(1.0),04/02/26 23:00:00,Annual,Natural gas,Total,Million cubic metres,Cyprus,2016,0.000,,
ESTAT:NRG_TI_GAS(1.0),04/02/26 23:00:00,Annual,Natural gas,Total,Million cubic metres,Cyprus,2017,0.000,,
ESTAT:NRG_TI_GAS(1.0),04/02/26 23:00:00,Annual,Natural gas,Total,Million cubic metres,Cyprus,2018,0.000,,
ESTAT:NRG_TI_GAS(1.0),04/02/26 23:00:00,Annual,Natural gas,Total,Million cubic metres,Cyprus,2019,0.000,,
ESTAT:NRG_TI_GAS(1.0),04/02/26 23:00:00,Annual,Natural gas,Total,Million cubic metres,Cyprus,2020,0.000,,
ESTAT:NRG_TI_GAS(1.0),04/02/26 23:00:00,Annual,Natural gas,Total,Million cubic metres,Cyprus,2021,0.000,,
ESTAT:NRG_TI_GAS(1.0),04/02/26 23:00:00,Annual,Natural gas,Total,Million cubic metres,Cyprus,2022,0.000,,
ESTAT:NRG_TI_GAS(1.0),04/02/26 23:00:00,Annual,Natural gas,Total,Million cubic metres,Cyprus,2023,0.000,,
ESTAT:NRG_TI_GAS(1.0),04/02/26 23:00:00,Annual,Natural gas,Total,Million cubic metres,Cyprus,2024,0.000,,
ESTAT:NRG_TI_GAS(1.0),04/02/26 23:00:00,Annual,Natural gas,Total,Million cubic metres,Czechia,2015,7474.000,,
ESTAT:NRG_TI_GAS(1.0),04/02/26 23:00:00,Annual,Natural gas,Total,Million cubic metres,Czechia,2016,8123.000,,
ESTAT:NRG_TI_GAS(1.0),04/02/26 23:00:00,Annual,Natural gas,Total,Million cubic metres,Czechia,2017,8889.000,,
ESTAT:NRG_TI_GAS(1.0),04/02/26 23:00:00,Annual,Natural gas,Total,Million cubic metres,Czechia,2018,8007.991,,
ESTAT:NRG_TI_GAS(1.0),04/02/26 23:00:00,Annual,Natural gas,Total,Million cubic metres,Czechia,2019,9533.193,,
ESTAT:NRG_TI_GAS(1.0),04/02/26 23:00:00,Annual,Natural gas,Total,Million cubic metres,Czechia,2020,7589.967,,
ESTAT:NRG_TI_GAS(1.0),04/02/26 23:00:00,Annual,Natural gas,Total,Million cubic metres,Czechia,2021,8718.897,,
ESTAT:NRG_TI_GAS(1.0),04/02/26 23:00:00,Annual,Natural gas,Total,Million cubic metres,Czechia,2022,8612.009,,
ESTAT:NRG_TI_GAS(1.0),04/02/26 23:00:00,Annual,Natural gas,Total,Million cubic metres,Czechia,2023,6808.332,,
ESTAT:NRG_TI_GAS(1.0),04/02/26 23:00:00,Annual,Natural gas,Total,Million cubic metres,Czechia,2024,5722.136,,
ESTAT:NRG_TI_GAS(1.0),04/02/26 23:00:00,Annual,Natural gas,Total,Million cubic metres,Germany,2015,102517.000,,
ESTAT:NRG_TI_GAS(1.0),04/02/26 23:00:00,Annual,Natural gas,Total,Million cubic metres,Germany,2016,97379.000,,
ESTAT:NRG_TI_GAS(1.0),04/02/26 23:00:00,Annual,Natural gas,Total,Million cubic metres,Germany,2017,118694.443,,
ESTAT:NRG_TI_GAS(1.0),04/02/26 23:00:00,Annual,Natural gas,Total,Million cubic metres,Germany,2018,88347.545,,
ESTAT:NRG_TI_GAS(1.0),04/02/26 23:00:00,Annual,Natural gas,Total,Million cubic metres,Germany,2019,94786.760,,
ESTAT:NRG_TI_GAS(1.0),04/02/26 23:00:00,Annual,Natural gas,Total,Million cubic metres,Germany,2020,80439.019,,
ESTAT:NRG_TI_GAS(1.0),04/02/26 23:00:00,Annual,Natural gas,Total,Million cubic metres,Germany,2021,84808.432,,
ESTAT:NRG_TI_GAS(1.0),04/02/26 23:00:00,Annual,Natural gas,Total,Million cubic metres,Germany,2022,87694.613,,
ESTAT:NRG_TI_GAS(1.0),04/02/26 23:00:00,Annual,Natural gas,Total,Million cubic metres,Germany,2023,71591.397,,
ESTAT:NRG_TI_GAS(1.0),04/02/26 23:00:00,Annual,Natural gas,Total,Million cubic metres,Germany,2024,70859.706,,
ESTAT:NRG_TI_GAS(1.0),04/02/26 23:00:00,Annual,Natural gas,Total,Million cubic metres,Denmark,2015,661.672,,
ESTAT:NRG_TI_GAS(1.0),04/02/26 23:00:00,Annual,Natural gas,Total,Million cubic metres,Denmark,2016,683.855,,
ESTAT:NRG_TI_GAS(1.0),04/02/26 23:00:00,Annual,Natural gas,Total,Million cubic metres,Denmark,2017,520.291,,
ESTAT:NRG_TI_GAS(1.0),04/02/26 23:00:00,Annual,Natural gas,Total,Million cubic metres,Denmark,2018,389.005,,
ESTAT:NRG_TI_GAS(1.0),04/02/26 23:00:00,Annual,Natural gas,Total,Million cubic metres,Denmark,2019,1138.958,,
ESTAT:NRG_TI_GAS(1.0),04/02/26 23:00:00,Annual,Natural gas,Total,Million cubic metres,Denmark,2020,2666.482,,
ESTAT:NRG_TI_GAS(1.0),04/02/26 23:00:00,Annual,Natural gas,Total,Million cubic metres,Denmark,2021,2502.686,,
ESTAT:NRG_TI_GAS(1.0),04/02/26 23:00:00,Annual,Natural gas,Total,Million cubic metres,Denmark,2022,2729.365,,
ESTAT:NRG_TI_GAS(1.0),04/02/26 23:00:00,Annual,Natural gas,Total,Million cubic metres,Denmark,2023,8614.097,,
ESTAT:NRG_TI_GAS(1.0),04/02/26 23:00:00,Annual,Natural gas,Total,Million cubic metres,Denmark,2024,8388.473,,
ESTAT:NRG_TI_GAS(1.0),04/02/26 23:00:00,Annual,Natural gas,Total,Million cubic metres,Euro area – 20 countries (2023-2025),2015,326134.731,,
ESTAT:NRG_TI_GAS(1.0),04/02/26 23:00:00,Annual,Natural gas,Total,Million cubic metres,Euro area – 20 countries (2023-2025),2016,331769.928,,
ESTAT:NRG_TI_GAS(1.0),04/02/26 23:00:00,Annual,Natural gas,Total,Million cubic metres,Euro area – 20 countries (2023-2025),2017,348395.725,,
ESTAT:NRG_TI_GAS(1.0),04/02/26 23:00:00,Annual,Natural gas,Total,Million cubic metres,Euro area – 20 countries (2023-2025),2018,324501.975,,
ESTAT:NRG_TI_GAS(1.0),04/02/26 23:00:00,Annual,Natural gas,Total,Million cubic metres,Euro area – 20 countries (2023-2025),2019,358626.565,,
ESTAT:NRG_TI_GAS(1.0),04/02/26 23:00:00,Annual,Natural gas,Total,Million cubic metres,Euro area – 20 countries (2023-2025),2020,319617.596,,
ESTAT:NRG_TI_GAS(1.0),04/02/26 23:00:00,Annual,Natural gas,Total,Million cubic metres,Euro area – 20 countries (2023-2025),2021,329086.861,,
ESTAT:NRG_TI_GAS(1.0),04/02/26 23:00:00,Annual,Natural gas,Total,Million cubic metres,Euro area – 20 countries (2023-2025),2022,363067.305,,
ESTAT:NRG_TI_GAS(1.0),04/02/26 23:00:00,Annual,Natural gas,Total,Million cubic metres,Euro area – 20 countries (2023-2025),2023,313193.777,,
ESTAT:NRG_TI_GAS(1.0),04/02/26 23:00:00,Annual,Natural gas,Total,Million cubic metres,Euro area – 20 countries (2023-2025),2024,289192.798,,
ESTAT:NRG_TI_GAS(1.0),04/02/26 23:00:00,Annual,Natural gas,Total,Million cubic metres,Euro area – 21 countries (from 2026),2015,329144.731,,
ESTAT:NRG_TI_GAS(1.0),04/02/26 23:00:00,Annual,Natural gas,Total,Million cubic metres,Euro area – 21 countries (from 2026),2016,334863.928,,
ESTAT:NRG_TI_GAS(1.0),04/02/26 23:00:00,Annual,Natural gas,Total,Million cubic metres,Euro area – 21 countries (from 2026),2017,351664.506,,
ESTAT:NRG_TI_GAS(1.0),04/02/26 23:00:00,Annual,Natural gas,Total,Million cubic metres,Euro area – 21 countries (from 2026),2018,327617.045,,
ESTAT:NRG_TI_GAS(1.0),04/02/26 23:00:00,Annual,Natural gas,Total,Million cubic metres,Euro area – 21 countries (from 2026),2019,361576.533,,
ESTAT:NRG_TI_GAS(1.0),04/02/26 23:00:00,Annual,Natural gas,Total,Million cubic metres,Euro area – 21 countries (from 2026),2020,322543.534,,
ESTAT:NRG_TI_GAS(1.0),04/02/26 23:00:00,Annual,Natural gas,Total,Million cubic metres,Euro area – 21 countries (from 2026),2021,332377.422,,
ESTAT:NRG_TI_GAS(1.0),04/02/26 23:00:00,Annual,Natural gas,Total,Million cubic metres,Euro area – 21 countries (from 2026),2022,365978.403,,
ESTAT:NRG_TI_GAS(1.0),04/02/26 23:00:00,Annual,Natural gas,Total,Million cubic metres,Euro area – 21 countries (from 2026),2023,315737.89,,
ESTAT:NRG_TI_GAS(1.0),04/02/26 23:00:00,Annual,Natural gas,Total,Million cubic metres,Euro area – 21 countries (from 2026),2024,291876.891,,
ESTAT:NRG_TI_GAS(1.0),04/02/26 23:00:00,Annual,Natural gas,Total,Million cubic metres,Estonia,2015,471.000,,
ESTAT:NRG_TI_GAS(1.0),04/02/26 23:00:00,Annual,Natural gas,Total,Million cubic metres,Estonia,2016,518.000,,
ESTAT:NRG_TI_GAS(1.0),04/02/26 23:00:00,Annual,Natural gas,Total,Million cubic metres,Estonia,2017,510.000,,
ESTAT:NRG_TI_GAS(1.0),04/02/26 23:00:00,Annual,Natural gas,Total,Million cubic metres,Estonia,2018,524.000,,
ESTAT:NRG_TI_GAS(1.0),04/02/26 23:00:00,Annual,Natural gas,Total,Million cubic metres,Estonia,2019,485.700,,
ESTAT:NRG_TI_GAS(1.0),04/02/26 23:00:00,Annual,Natural gas,Total,Million cubic metres,Estonia,2020,447.000,,
ESTAT:NRG_TI_GAS(1.0),04/02/26 23:00:00,Annual,Natural gas,Total,Million cubic metres,Estonia,2021,506.150,,
ESTAT:NRG_TI_GAS(1.0),04/02/26 23:00:00,Annual,Natural gas,Total,Million cubic metres,Estonia,2022,420.000,,
ESTAT:NRG_TI_GAS(1.0),04/02/26 23:00:00,Annual,Natural gas,Total,Million cubic metres,Estonia,2023,318.500,,
ESTAT:NRG_TI_GAS(1.0),04/02/26 23:00:00,Annual,Natural gas,Total,Million cubic metres,Estonia,2024,344.200,,
ESTAT:NRG_TI_GAS(1.0),04/02/26 23:00:00,Annual,Natural gas,Total,Million cubic metres,Greece,2015,3162.000,,
ESTAT:NRG_TI_GAS(1.0),04/02/26 23:00:00,Annual,Natural gas,Total,Million cubic metres,Greece,2016,4067.000,,
ESTAT:NRG_TI_GAS(1.0),04/02/26 23:00:00,Annual,Natural gas,Total,Million cubic metres,Greece,2017,4975.095,,
ESTAT:NRG_TI_GAS(1.0),04/02/26 23:00:00,Annual,Natural gas,Total,Million cubic metres,Greece,2018,4902.130,,
ESTAT:NRG_TI_GAS(1.0),04/02/26 23:00:00,Annual,Natural gas,Total,Million cubic metres,Greece,2019,5221.617,,
ESTAT:NRG_TI_GAS(1.0),04/02/26 23:00:00,Annual,Natural gas,Total,Million cubic metres,Greece,2020,5902.732,,
ESTAT:NRG_TI_GAS(1.0),04/02/26 23:00:00,Annual,Natural gas,Total,Million cubic metres,Greece,2021,6426.441,,
ESTAT:NRG_TI_GAS(1.0),04/02/26 23:00:00,Annual,Natural gas,Total,Million cubic metres,Greece,2022,5727.447,,
ESTAT:NRG_TI_GAS(1.0),04/02/26 23:00:00,Annual,Natural gas,Total,Million cubic metres,Greece,2023,4815.688,,
ESTAT:NRG_TI_GAS(1.0),04/02/26 23:00:00,Annual,Natural gas,Total,Million cubic metres,Greece,2024,6246.107,,
ESTAT:NRG_TI_GAS(1.0),04/02/26 23:00:00,Annual,Natural gas,Total,Million cubic metres,Spain,2015,32391.000,,
ESTAT:NRG_TI_GAS(1.0),04/02/26 23:00:00,Annual,Natural gas,Total,Million cubic metres,Spain,2016,32405.000,,
ESTAT:NRG_TI_GAS(1.0),04/02/26 23:00:00,Annual,Natural gas,Total,Million cubic metres,Spain,2017,34626.000,,
ESTAT:NRG_TI_GAS(1.0),04/02/26 23:00:00,Annual,Natural gas,Total,Million cubic metres,Spain,2018,34817.000,,
ESTAT:NRG_TI_GAS(1.0),04/02/26 23:00:00,Annual,Natural gas,Total,Million cubic metres,Spain,2019,37209.000,,
ESTAT:NRG_TI_GAS(1.0),04/02/26 23:00:00,Annual,Natural gas,Total,Million cubic metres,Spain,2020,32485.000,,
ESTAT:NRG_TI_GAS(1.0),04/02/26 23:00:00,Annual,Natural gas,Total,Million cubic metres,Spain,2021,36968.191,,
ESTAT:NRG_TI_GAS(1.0),04/02/26 23:00:00,Annual,Natural gas,Total,Million cubic metres,Spain,2022,39692.252,,
ESTAT:NRG_TI_GAS(1.0),04/02/26 23:00:00,Annual,Natural gas,Total,Million cubic metres,Spain,2023,35261.253,,
ESTAT:NRG_TI_GAS(1.0),04/02/26 23:00:00,Annual,Natural gas,Total,Million cubic metres,Spain,2024,30166.274,,
ESTAT:NRG_TI_GAS(1.0),04/02/26 23:00:00,Annual,Natural gas,Total,Million cubic metres,European Union - 27 countries (from 2020),2015,357206.403,,
ESTAT:NRG_TI_GAS(1.0),04/02/26 23:00:00,Annual,Natural gas,Total,Million cubic metres,European Union - 27 countries (from 2020),2016,368294.783,,
ESTAT:NRG_TI_GAS(1.0),04/02/26 23:00:00,Annual,Natural gas,Total,Million cubic metres,European Union - 27 countries (from 2020),2017,388908.775,,
ESTAT:NRG_TI_GAS(1.0),04/02/26 23:00:00,Annual,Natural gas,Total,Million cubic metres,European Union - 27 countries (from 2020),2018,362176.451,,
ESTAT:NRG_TI_GAS(1.0),04/02/26 23:00:00,Annual,Natural gas,Total,Million cubic metres,European Union - 27 countries (from 2020),2019,405138.661,,
ESTAT:NRG_TI_GAS(1.0),04/02/26 23:00:00,Annual,Natural gas,Total,Million cubic metres,European Union - 27 countries (from 2020),2020,361743.172,,
ESTAT:NRG_TI_GAS(1.0),04/02/26 23:00:00,Annual,Natural gas,Total,Million cubic metres,European Union - 27 countries (from 2020),2021,374369.736,,
ESTAT:NRG_TI_GAS(1.0),04/02/26 23:00:00,Annual,Natural gas,Total,Million cubic metres,European Union - 27 countries (from 2020),2022,405457.276,,
ESTAT:NRG_TI_GAS(1.0),04/02/26 23:00:00,Annual,Natural gas,Total,Million cubic metres,European Union - 27 countries (from 2020),2023,358841.708,,
ESTAT:NRG_TI_GAS(1.0),04/02/26 23:00:00,Annual,Natural gas,Total,Million cubic metres,European Union - 27 countries (from 2020),2024,330639.088,,
ESTAT:NRG_TI_GAS(1.0),04/02/26 23:00:00,Annual,Natural gas,Total,Million cubic metres,Finland,2015,2713.000,,
ESTAT:NRG_TI_GAS(1.0),04/02/26 23:00:00,Annual,Natural gas,Total,Million cubic metres,Finland,2016,2496.000,,
ESTAT:NRG_TI_GAS(1.0),04/02/26 23:00:00,Annual,Natural gas,Total,Million cubic metres,Finland,2017,2322.000,,
ESTAT:NRG_TI_GAS(1.0),04/02/26 23:00:00,Annual,Natural gas,Total,Million cubic metres,Finland,2018,2641.000,,
ESTAT:NRG_TI_GAS(1.0),04/02/26 23:00:00,Annual,Natural gas,Total,Million cubic metres,Finland,2019,2594.000,,
ESTAT:NRG_TI_GAS(1.0),04/02/26 23:00:00,Annual,Natural gas,Total,Million cubic metres,Finland,2020,2568.000,,
ESTAT:NRG_TI_GAS(1.0),04/02/26 23:00:00,Annual,Natural gas,Total,Million cubic metres,Finland,2021,2565.079,,
ESTAT:NRG_TI_GAS(1.0),04/02/26 23:00:00,Annual,Natural gas,Total,Million cubic metres,Finland,2022,1371.000,,
ESTAT:NRG_TI_GAS(1.0),04/02/26 23:00:00,Annual,Natural gas,Total,Million cubic metres,Finland,2023,1776.000,,
ESTAT:NRG_TI_GAS(1.0),04/02/26 23:00:00,Annual,Natural gas,Total,Million cubic metres,Finland,2024,2177.000,,
ESTAT:NRG_TI_GAS(1.0),04/02/26 23:00:00,Annual,Natural gas,Total,Million cubic metres,France,2015,42398.184,,
ESTAT:NRG_TI_GAS(1.0),04/02/26 23:00:00,Annual,Natural gas,Total,Million cubic metres,France,2016,44423.884,,
ESTAT:NRG_TI_GAS(1.0),04/02/26 23:00:00,Annual,Natural gas,Total,Million cubic metres,France,2017,46519.288,,
ESTAT:NRG_TI_GAS(1.0),04/02/26 23:00:00,Annual,Natural gas,Total,Million cubic metres,France,2018,47071.371,,
ESTAT:NRG_TI_GAS(1.0),04/02/26 23:00:00,Annual,Natural gas,Total,Million cubic metres,France,2019,53196.920,,
ESTAT:NRG_TI_GAS(1.0),04/02/26 23:00:00,Annual,Natural gas,Total,Million cubic metres,France,2020,45301.761,,
ESTAT:NRG_TI_GAS(1.0),04/02/26 23:00:00,Annual,Natural gas,Total,Million cubic metres,France,2021,45363.589,,
ESTAT:NRG_TI_GAS(1.0),04/02/26 23:00:00,Annual,Natural gas,Total,Million cubic metres,France,2022,55355.743,,
ESTAT:NRG_TI_GAS(1.0),04/02/26 23:00:00,Annual,Natural gas,Total,Million cubic metres,France,2023,46122.487,,
ESTAT:NRG_TI_GAS(1.0),04/02/26 23:00:00,Annual,Natural gas,Total,Million cubic metres,France,2024,41525.086,,
ESTAT:NRG_TI_GAS(1.0),04/02/26 23:00:00,Annual,Natural gas,Total,Million cubic metres,Georgia,2015,2554.059,,
ESTAT:NRG_TI_GAS(1.0),04/02/26 23:00:00,Annual,Natural gas,Total,Million cubic metres,Georgia,2016,2310.694,,
ESTAT:NRG_TI_GAS(1.0),04/02/26 23:00:00,Annual,Natural gas,Total,Million cubic metres,Georgia,2017,2390.407,,
ESTAT:NRG_TI_GAS(1.0),04/02/26 23:00:00,Annual,Natural gas,Total,Million cubic metres,Georgia,2018,2357.087,,
ESTAT:NRG_TI_GAS(1.0),04/02/26 23:00:00,Annual,Natural gas,Total,Million cubic metres,Georgia,2019,2685.768,,
ESTAT:NRG_TI_GAS(1.0),04/02/26 23:00:00,Annual,Natural gas,Total,Million cubic metres,Georgia,2020,2690.837,,
ESTAT:NRG_TI_GAS(1.0),04/02/26 23:00:00,Annual,Natural gas,Total,Million cubic metres,Georgia,2021,2785.217,,
ESTAT:NRG_TI_GAS(1.0),04/02/26 23:00:00,Annual,Natural gas,Total,Million cubic metres,Georgia,2022,3346.339,,
ESTAT:NRG_TI_GAS(1.0),04/02/26 23:00:00,Annual,Natural gas,Total,Million cubic metres,Georgia,2023,3352.384,,
ESTAT:NRG_TI_GAS(1.0),04/02/26 23:00:00,Annual,Natural gas,Total,Million cubic metres,Georgia,2024,3388.396,,
ESTAT:NRG_TI_GAS(1.0),04/02/26 23:00:00,Annual,Natural gas,Total,Million cubic metres,Croatia,2015,1050.000,,
ESTAT:NRG_TI_GAS(1.0),04/02/26 23:00:00,Annual,Natural gas,Total,Million cubic metres,Croatia,2016,1265.000,,
ESTAT:NRG_TI_GAS(1.0),04/02/26 23:00:00,Annual,Natural gas,Total,Million cubic metres,Croatia,2017,1818.300,,
ESTAT:NRG_TI_GAS(1.0),04/02/26 23:00:00,Annual,Natural gas,Total,Million cubic metres,Croatia,2018,1589.200,,
ESTAT:NRG_TI_GAS(1.0),04/02/26 23:00:00,Annual,Natural gas,Total,Million cubic metres,Croatia,2019,2003.400,,
ESTAT:NRG_TI_GAS(1.0),04/02/26 23:00:00,Annual,Natural gas,Total,Million cubic metres,Croatia,2020,2143.700,,
ESTAT:NRG_TI_GAS(1.0),04/02/26 23:00:00,Annual,Natural gas,Total,Million cubic metres,Croatia,2021,2290.600,,
ESTAT:NRG_TI_GAS(1.0),04/02/26 23:00:00,Annual,Natural gas,Total,Million cubic metres,Croatia,2022,3021.500,,
ESTAT:NRG_TI_GAS(1.0),04/02/26 23:00:00,Annual,Natural gas,Total,Million cubic metres,Croatia,2023,2868.700,,
ESTAT:NRG_TI_GAS(1.0),04/02/26 23:00:00,Annual,Natural gas,Total,Million cubic metres,Croatia,2024,2556.100,,
ESTAT:NRG_TI_GAS(1.0),04/02/26 23:00:00,Annual,Natural gas,Total,Million cubic metres,Hungary,2015,6790.000,,
ESTAT:NRG_TI_GAS(1.0),04/02/26 23:00:00,Annual,Natural gas,Total,Million cubic metres,Hungary,2016,7552.000,,
ESTAT:NRG_TI_GAS(1.0),04/02/26 23:00:00,Annual,Natural gas,Total,Million cubic metres,Hungary,2017,9845.000,,
ESTAT:NRG_TI_GAS(1.0),04/02/26 23:00:00,Annual,Natural gas,Total,Million cubic metres,Hungary,2018,7740.000,,
ESTAT:NRG_TI_GAS(1.0),04/02/26 23:00:00,Annual,Natural gas,Total,Million cubic metres,Hungary,2019,11669.000,,
ESTAT:NRG_TI_GAS(1.0),04/02/26 23:00:00,Annual,Natural gas,Total,Million cubic metres,Hungary,2020,7936.000,,
ESTAT:NRG_TI_GAS(1.0),04/02/26 23:00:00,Annual,Natural gas,Total,Million cubic metres,Hungary,2021,7479.000,,
ESTAT:NRG_TI_GAS(1.0),04/02/26 23:00:00,Annual,Natural gas,Total,Million cubic metres,Hungary,2022,9314.000,,
ESTAT:NRG_TI_GAS(1.0),04/02/26 23:00:00,Annual,Natural gas,Total,Million cubic metres,Hungary,2023,8211.000,,
ESTAT:NRG_TI_GAS(1.0),04/02/26 23:00:00,Annual,Natural gas,Total,Million cubic metres,Hungary,2024,5492.000,,
ESTAT:NRG_TI_GAS(1.0),04/02/26 23:00:00,Annual,Natural gas,Total,Million cubic metres,Ireland,2015,4234.000,,
ESTAT:NRG_TI_GAS(1.0),04/02/26 23:00:00,Annual,Natural gas,Total,Million cubic metres,Ireland,2016,2004.000,,
ESTAT:NRG_TI_GAS(1.0),04/02/26 23:00:00,Annual,Natural gas,Total,Million cubic metres,Ireland,2017,1652.587,,
ESTAT:NRG_TI_GAS(1.0),04/02/26 23:00:00,Annual,Natural gas,Total,Million cubic metres,Ireland,2018,2040.651,,
ESTAT:NRG_TI_GAS(1.0),04/02/26 23:00:00,Annual,Natural gas,Total,Million cubic metres,Ireland,2019,2852.223,,
ESTAT:NRG_TI_GAS(1.0),04/02/26 23:00:00,Annual,Natural gas,Total,Million cubic metres,Ireland,2020,3437.000,,
ESTAT:NRG_TI_GAS(1.0),04/02/26 23:00:00,Annual,Natural gas,Total,Million cubic metres,Ireland,2021,3662.185,,
ESTAT:NRG_TI_GAS(1.0),04/02/26 23:00:00,Annual,Natural gas,Total,Million cubic metres,Ireland,2022,3846.409,,
ESTAT:NRG_TI_GAS(1.0),04/02/26 23:00:00,Annual,Natural gas,Total,Million cubic metres,Ireland,2023,3716.000,,
ESTAT:NRG_TI_GAS(1.0),04/02/26 23:00:00,Annual,Natural gas,Total,Million cubic metres,Ireland,2024,3998.800,,
ESTAT:NRG_TI_GAS(1.0),04/02/26 23:00:00,Annual,Natural gas,Total,Million cubic metres,Iceland,2015,0.000,,
ESTAT:NRG_TI_GAS(1.0),04/02/26 23:00:00,Annual,Natural gas,Total,Million cubic metres,Iceland,2016,0.000,,
ESTAT:NRG_TI_GAS(1.0),04/02/26 23:00:00,Annual,Natural gas,Total,Million cubic metres,Iceland,2017,0.000,,
ESTAT:NRG_TI_GAS(1.0),04/02/26 23:00:00,Annual,Natural gas,Total,Million cubic metres,Iceland,2018,0.000,,
ESTAT:NRG_TI_GAS(1.0),04/02/26 23:00:00,Annual,Natural gas,Total,Million cubic metres,Iceland,2019,0.000,,
ESTAT:NRG_TI_GAS(1.0),04/02/26 23:00:00,Annual,Natural gas,Total,Million cubic metres,Iceland,2020,0.000,,
ESTAT:NRG_TI_GAS(1.0),04/02/26 23:00:00,Annual,Natural gas,Total,Million cubic metres,Iceland,2021,0.000,,
ESTAT:NRG_TI_GAS(1.0),04/02/26 23:00:00,Annual,Natural gas,Total,Million cubic metres,Iceland,2023,0.000,,
ESTAT:NRG_TI_GAS(1.0),04/02/26 23:00:00,Annual,Natural gas,Total,Million cubic metres,Italy,2015,61266.000,,
ESTAT:NRG_TI_GAS(1.0),04/02/26 23:00:00,Annual,Natural gas,Total,Million cubic metres,Italy,2016,65284.000,,
ESTAT:NRG_TI_GAS(1.0),04/02/26 23:00:00,Annual,Natural gas,Total,Million cubic metres,Italy,2017,69650.038,,
ESTAT:NRG_TI_GAS(1.0),04/02/26 23:00:00,Annual,Natural gas,Total,Million cubic metres,Italy,2018,67872.446,,
ESTAT:NRG_TI_GAS(1.0),04/02/26 23:00:00,Annual,Natural gas,Total,Million cubic metres,Italy,2019,71065.255,,
ESTAT:NRG_TI_GAS(1.0),04/02/26 23:00:00,Annual,Natural gas,Total,Million cubic metres,Italy,2020,66392.830,,
ESTAT:NRG_TI_GAS(1.0),04/02/26 23:00:00,Annual,Natural gas,Total,Million cubic metres,Italy,2021,72995.529,,
ESTAT:NRG_TI_GAS(1.0),04/02/26 23:00:00,Annual,Natural gas,Total,Million cubic metres,Italy,2022,72591.358,,
ESTAT:NRG_TI_GAS(1.0),04/02/26 23:00:00,Annual,Natural gas,Total,Million cubic metres,Italy,2023,61823.710,,
ESTAT:NRG_TI_GAS(1.0),04/02/26 23:00:00,Annual,Natural gas,Total,Million cubic metres,Italy,2024,59461.263,,
ESTAT:NRG_TI_GAS(1.0),04/02/26 23:00:00,Annual,Natural gas,Total,Million cubic metres,Liechtenstein,2019,0.000,,
ESTAT:NRG_TI_GAS(1.0),04/02/26 23:00:00,Annual,Natural gas,Total,Million cubic metres,Liechtenstein,2020,25.019,,
ESTAT:NRG_TI_GAS(1.0),04/02/26 23:00:00,Annual,Natural gas,Total,Million cubic metres,Liechtenstein,2021,27.907,,
ESTAT:NRG_TI_GAS(1.0),04/02/26 23:00:00,Annual,Natural gas,Total,Million cubic metres,Liechtenstein,2022,23.006,,
ESTAT:NRG_TI_GAS(1.0),04/02/26 23:00:00,Annual,Natural gas,Total,Million cubic metres,Liechtenstein,2023,21.179,,
ESTAT:NRG_TI_GAS(1.0),04/02/26 23:00:00,Annual,Natural gas,Total,Million cubic metres,Lithuania,2015,2588.000,,
ESTAT:NRG_TI_GAS(1.0),04/02/26 23:00:00,Annual,Natural gas,Total,Million cubic metres,Lithuania,2016,2258.000,,
ESTAT:NRG_TI_GAS(1.0),04/02/26 23:00:00,Annual,Natural gas,Total,Million cubic metres,Lithuania,2017,2501.000,,
ESTAT:NRG_TI_GAS(1.0),04/02/26 23:00:00,Annual,Natural gas,Total,Million cubic metres,Lithuania,2018,2295.000,,
ESTAT:NRG_TI_GAS(1.0),04/02/26 23:00:00,Annual,Natural gas,Total,Million cubic metres,Lithuania,2019,2749.000,,
ESTAT:NRG_TI_GAS(1.0),04/02/26 23:00:00,Annual,Natural gas,Total,Million cubic metres,Lithuania,2020,2862.100,,
ESTAT:NRG_TI_GAS(1.0),04/02/26 23:00:00,Annual,Natural gas,Total,Million cubic metres,Lithuania,2021,2422.400,,
ESTAT:NRG_TI_GAS(1.0),04/02/26 23:00:00,Annual,Natural gas,Total,Million cubic metres,Lithuania,2022,3543.800,,
ESTAT:NRG_TI_GAS(1.0),04/02/26 23:00:00,Annual,Natural gas,Total,Million cubic metres,Lithuania,2023,3298.100,,
ESTAT:NRG_TI_GAS(1.0),04/02/26 23:00:00,Annual,Natural gas,Total,Million cubic metres,Lithuania,2024,2698.900,,
ESTAT:NRG_TI_GAS(1.0),04/02/26 23:00:00,Annual,Natural gas,Total,Million cubic metres,Luxembourg,2015,874.777,,
ESTAT:NRG_TI_GAS(1.0),04/02/26 23:00:00,Annual,Natural gas,Total,Million cubic metres,Luxembourg,2016,803.881,,
ESTAT:NRG_TI_GAS(1.0),04/02/26 23:00:00,Annual,Natural gas,Total,Million cubic metres,Luxembourg,2017,784.763,,
ESTAT:NRG_TI_GAS(1.0),04/02/26 23:00:00,Annual,Natural gas,Total,Million cubic metres,Luxembourg,2018,778.526,,
ESTAT:NRG_TI_GAS(1.0),04/02/26 23:00:00,Annual,Natural gas,Total,Million cubic metres,Luxembourg,2019,779.366,,
ESTAT:NRG_TI_GAS(1.0),04/02/26 23:00:00,Annual,Natural gas,Total,Million cubic metres,Luxembourg,2020,703.453,,
ESTAT:NRG_TI_GAS(1.0),04/02/26 23:00:00,Annual,Natural gas,Total,Million cubic metres,Luxembourg,2021,756.750,,
ESTAT:NRG_TI_GAS(1.0),04/02/26 23:00:00,Annual,Natural gas,Total,Million cubic metres,Luxembourg,2022,588.969,,
ESTAT:NRG_TI_GAS(1.0),04/02/26 23:00:00,Annual,Natural gas,Total,Million cubic metres,Luxembourg,2023,551.361,,
ESTAT:NRG_TI_GAS(1.0),04/02/26 23:00:00,Annual,Natural gas,Total,Million cubic metres,Luxembourg,2024,583.179,,
ESTAT:NRG_TI_GAS(1.0),04/02/26 23:00:00,Annual,Natural gas,Total,Million cubic metres,Latvia,2015,1306.000,,
ESTAT:NRG_TI_GAS(1.0),04/02/26 23:00:00,Annual,Natural gas,Total,Million cubic metres,Latvia,2016,1132.000,,
ESTAT:NRG_TI_GAS(1.0),04/02/26 23:00:00,Annual,Natural gas,Total,Million cubic metres,Latvia,2017,1242.660,,
ESTAT:NRG_TI_GAS(1.0),04/02/26 23:00:00,Annual,Natural gas,Total,Million cubic metres,Latvia,2018,1414.807,,
ESTAT:NRG_TI_GAS(1.0),04/02/26 23:00:00,Annual,Natural gas,Total,Million cubic metres,Latvia,2019,1353.952,,
ESTAT:NRG_TI_GAS(1.0),04/02/26 23:00:00,Annual,Natural gas,Total,Million cubic metres,Latvia,2020,1114.949,,
ESTAT:NRG_TI_GAS(1.0),04/02/26 23:00:00,Annual,Natural gas,Total,Million cubic metres,Latvia,2021,1186.959,,
ESTAT:NRG_TI_GAS(1.0),04/02/26 23:00:00,Annual,Natural gas,Total,Million cubic metres,Latvia,2022,841.405,,
ESTAT:NRG_TI_GAS(1.0),04/02/26 23:00:00,Annual,Natural gas,Total,Million cubic metres,Latvia,2023,802.539,,
ESTAT:NRG_TI_GAS(1.0),04/02/26 23:00:00,Annual,Natural gas,Total,Million cubic metres,Latvia,2024,848.599,,
ESTAT:NRG_TI_GAS(1.0),04/02/26 23:00:00,Annual,Natural gas,Total,Million cubic metres,Moldova,2015,1008.000,,
ESTAT:NRG_TI_GAS(1.0),04/02/26 23:00:00,Annual,Natural gas,Total,Million cubic metres,Moldova,2016,1038.000,,
ESTAT:NRG_TI_GAS(1.0),04/02/26 23:00:00,Annual,Natural gas,Total,Million cubic metres,Moldova,2017,1033.482,,
ESTAT:NRG_TI_GAS(1.0),04/02/26 23:00:00,Annual,Natural gas,Total,Million cubic metres,Moldova,2018,1129.700,,
ESTAT:NRG_TI_GAS(1.0),04/02/26 23:00:00,Annual,Natural gas,Total,Million cubic metres,Moldova,2019,1039.600,,
ESTAT:NRG_TI_GAS(1.0),04/02/26 23:00:00,Annual,Natural gas,Total,Million cubic metres,Moldova,2020,1056.000,,
ESTAT:NRG_TI_GAS(1.0),04/02/26 23:00:00,Annual,Natural gas,Total,Million cubic metres,Moldova,2021,1215.200,,
ESTAT:NRG_TI_GAS(1.0),04/02/26 23:00:00,Annual,Natural gas,Total,Million cubic metres,Moldova,2022,947.800,,
ESTAT:NRG_TI_GAS(1.0),04/02/26 23:00:00,Annual,Natural gas,Total,Million cubic metres,Moldova,2023,628.400,,
ESTAT:NRG_TI_GAS(1.0),04/02/26 23:00:00,Annual,Natural gas,Total,Million cubic metres,Moldova,2024,892.800,,
ESTAT:NRG_TI_GAS(1.0),04/02/26 23:00:00,Annual,Natural gas,Total,Million cubic metres,Montenegro,2015,0.000,,
ESTAT:NRG_TI_GAS(1.0),04/02/26 23:00:00,Annual,Natural gas,Total,Million cubic metres,Montenegro,2016,0.000,,
ESTAT:NRG_TI_GAS(1.0),04/02/26 23:00:00,Annual,Natural gas,Total,Million cubic metres,Montenegro,2017,0.000,,
ESTAT:NRG_TI_GAS(1.0),04/02/26 23:00:00,Annual,Natural gas,Total,Million cubic metres,Montenegro,2018,0.000,,
ESTAT:NRG_TI_GAS(1.0),04/02/26 23:00:00,Annual,Natural gas,Total,Million cubic metres,Montenegro,2019,0.000,,
ESTAT:NRG_TI_GAS(1.0),04/02/26 23:00:00,Annual,Natural gas,Total,Million cubic metres,Montenegro,2020,0.000,,
ESTAT:NRG_TI_GAS(1.0),04/02/26 23:00:00,Annual,Natural gas,Total,Million cubic metres,Montenegro,2021,0.000,,
ESTAT:NRG_TI_GAS(1.0),04/02/26 23:00:00,Annual,Natural gas,Total,Million cubic metres,Montenegro,2022,0.000,,
ESTAT:NRG_TI_GAS(1.0),04/02/26 23:00:00,Annual,Natural gas,Total,Million cubic metres,Montenegro,2023,0.000,,
ESTAT:NRG_TI_GAS(1.0),04/02/26 23:00:00,Annual,Natural gas,Total,Million cubic metres,Montenegro,2024,0.000,,
ESTAT:NRG_TI_GAS(1.0),04/02/26 23:00:00,Annual,Natural gas,Total,Million cubic metres,North Macedonia,2015,135.000,,
ESTAT:NRG_TI_GAS(1.0),04/02/26 23:00:00,Annual,Natural gas,Total,Million cubic metres,North Macedonia,2016,211.000,,
ESTAT:NRG_TI_GAS(1.0),04/02/26 23:00:00,Annual,Natural gas,Total,Million cubic metres,North Macedonia,2017,271.000,,
ESTAT:NRG_TI_GAS(1.0),04/02/26 23:00:00,Annual,Natural gas,Total,Million cubic metres,North Macedonia,2018,251.000,,
ESTAT:NRG_TI_GAS(1.0),04/02/26 23:00:00,Annual,Natural gas,Total,Million cubic metres,North Macedonia,2019,292.000,,
ESTAT:NRG_TI_GAS(1.0),04/02/26 23:00:00,Annual,Natural gas,Total,Million cubic metres,North Macedonia,2020,334.462,,
ESTAT:NRG_TI_GAS(1.0),04/02/26 23:00:00,Annual,Natural gas,Total,Million cubic metres,North Macedonia,2021,432.146,,
ESTAT:NRG_TI_GAS(1.0),04/02/26 23:00:00,Annual,Natural gas,Total,Million cubic metres,North Macedonia,2022,286.985,,
ESTAT:NRG_TI_GAS(1.0),04/02/26 23:00:00,Annual,Natural gas,Total,Million cubic metres,North Macedonia,2023,356.334,,
ESTAT:NRG_TI_GAS(1.0),04/02/26 23:00:00,Annual,Natural gas,Total,Million cubic metres,North Macedonia,2024,330.724,,
ESTAT:NRG_TI_GAS(1.0),04/02/26 23:00:00,Annual,Natural gas,Total,Million cubic metres,Malta,2015,0.000,,
ESTAT:NRG_TI_GAS(1.0),04/02/26 23:00:00,Annual,Natural gas,Total,Million cubic metres,Malta,2016,0.000,,
ESTAT:NRG_TI_GAS(1.0),04/02/26 23:00:00,Annual,Natural gas,Total,Million cubic metres,Malta,2017,301.825,,
ESTAT:NRG_TI_GAS(1.0),04/02/26 23:00:00,Annual,Natural gas,Total,Million cubic metres,Malta,2018,378.707,,
ESTAT:NRG_TI_GAS(1.0),04/02/26 23:00:00,Annual,Natural gas,Total,Million cubic metres,Malta,2019,379.422,,
ESTAT:NRG_TI_GAS(1.0),04/02/26 23:00:00,Annual,Natural gas,Total,Million cubic metres,Malta,2020,364.182,,
ESTAT:NRG_TI_GAS(1.0),04/02/26 23:00:00,Annual,Natural gas,Total,Million cubic metres,Malta,2021,392.272,,
ESTAT:NRG_TI_GAS(1.0),04/02/26 23:00:00,Annual,Natural gas,Total,Million cubic metres,Malta,2022,384.442,,
ESTAT:NRG_TI_GAS(1.0),04/02/26 23:00:00,Annual,Natural gas,Total,Million cubic metres,Malta,2023,376.798,,
ESTAT:NRG_TI_GAS(1.0),04/02/26 23:00:00,Annual,Natural gas,Total,Million cubic metres,Malta,2024,380.590,,
ESTAT:NRG_TI_GAS(1.0),04/02/26 23:00:00,Annual,Natural gas,Total,Million cubic metres,Netherlands,2015,36392.121,,
ESTAT:NRG_TI_GAS(1.0),04/02/26 23:00:00,Annual,Natural gas,Total,Million cubic metres,Netherlands,2016,41818.478,,
ESTAT:NRG_TI_GAS(1.0),04/02/26 23:00:00,Annual,Natural gas,Total,Million cubic metres,Netherlands,2017,24037.742,,
ESTAT:NRG_TI_GAS(1.0),04/02/26 23:00:00,Annual,Natural gas,Total,Million cubic metres,Netherlands,2018,31095.277,,
ESTAT:NRG_TI_GAS(1.0),04/02/26 23:00:00,Annual,Natural gas,Total,Million cubic metres,Netherlands,2019,35632.951,,
ESTAT:NRG_TI_GAS(1.0),04/02/26 23:00:00,Annual,Natural gas,Total,Million cubic metres,Netherlands,2020,36195.598,,
ESTAT:NRG_TI_GAS(1.0),04/02/26 23:00:00,Annual,Natural gas,Total,Million cubic metres,Netherlands,2021,30902.235,,
ESTAT:NRG_TI_GAS(1.0),04/02/26 23:00:00,Annual,Natural gas,Total,Million cubic metres,Netherlands,2022,38786.376,,
ESTAT:NRG_TI_GAS(1.0),04/02/26 23:00:00,Annual,Natural gas,Total,Million cubic metres,Netherlands,2023,40331.026,,
ESTAT:NRG_TI_GAS(1.0),04/02/26 23:00:00,Annual,Natural gas,Total,Million cubic metres,Netherlands,2024,34501.438,,
ESTAT:NRG_TI_GAS(1.0),04/02/26 23:00:00,Annual,Natural gas,Total,Million cubic metres,Norway,2015,17.423,,
ESTAT:NRG_TI_GAS(1.0),04/02/26 23:00:00,Annual,Natural gas,Total,Million cubic metres,Norway,2016,45.314,,
ESTAT:NRG_TI_GAS(1.0),04/02/26 23:00:00,Annual,Natural gas,Total,Million cubic metres,Norway,2017,30.602,,
ESTAT:NRG_TI_GAS(1.0),04/02/26 23:00:00,Annual,Natural gas,Total,Million cubic metres,Norway,2018,12.499,,
ESTAT:NRG_TI_GAS(1.0),04/02/26 23:00:00,Annual,Natural gas,Total,Million cubic metres,Norway,2019,26.913,,
ESTAT:NRG_TI_GAS(1.0),04/02/26 23:00:00,Annual,Natural gas,Total,Million cubic metres,Norway,2020,33.822,,
ESTAT:NRG_TI_GAS(1.0),04/02/26 23:00:00,Annual,Natural gas,Total,Million cubic metres,Norway,2021,160.325,,
ESTAT:NRG_TI_GAS(1.0),04/02/26 23:00:00,Annual,Natural gas,Total,Million cubic metres,Norway,2022,67.806,,
ESTAT:NRG_TI_GAS(1.0),04/02/26 23:00:00,Annual,Natural gas,Total,Million cubic metres,Norway,2023,102.588,,
ESTAT:NRG_TI_GAS(1.0),04/02/26 23:00:00,Annual,Natural gas,Total,Million cubic metres,Norway,2024,75.775,,
ESTAT:NRG_TI_GAS(1.0),04/02/26 23:00:00,Annual,Natural gas,Total,Million cubic metres,Poland,2015,12121.000,,
ESTAT:NRG_TI_GAS(1.0),04/02/26 23:00:00,Annual,Natural gas,Total,Million cubic metres,Poland,2016,14679.000,,
ESTAT:NRG_TI_GAS(1.0),04/02/26 23:00:00,Annual,Natural gas,Total,Million cubic metres,Poland,2017,15727.284,,
ESTAT:NRG_TI_GAS(1.0),04/02/26 23:00:00,Annual,Natural gas,Total,Million cubic metres,Poland,2018,15766.858,,
ESTAT:NRG_TI_GAS(1.0),04/02/26 23:00:00,Annual,Natural gas,Total,Million cubic metres,Poland,2019,17451.368,,
ESTAT:NRG_TI_GAS(1.0),04/02/26 23:00:00,Annual,Natural gas,Total,Million cubic metres,Poland,2020,17415.952,,
ESTAT:NRG_TI_GAS(1.0),04/02/26 23:00:00,Annual,Natural gas,Total,Million cubic metres,Poland,2021,18502.911,,
ESTAT:NRG_TI_GAS(1.0),04/02/26 23:00:00,Annual,Natural gas,Total,Million cubic metres,Poland,2022,15198.471,,
ESTAT:NRG_TI_GAS(1.0),04/02/26 23:00:00,Annual,Natural gas,Total,Million cubic metres,Poland,2023,15887.219,,
ESTAT:NRG_TI_GAS(1.0),04/02/26 23:00:00,Annual,Natural gas,Total,Million cubic metres,Poland,2024,15933.995,,
ESTAT:NRG_TI_GAS(1.0),04/02/26 23:00:00,Annual,Natural gas,Total,Million cubic metres,Portugal,2015,4713.000,,
ESTAT:NRG_TI_GAS(1.0),04/02/26 23:00:00,Annual,Natural gas,Total,Million cubic metres,Portugal,2016,4945.000,,
ESTAT:NRG_TI_GAS(1.0),04/02/26 23:00:00,Annual,Natural gas,Total,Million cubic metres,Portugal,2017,6274.734,,
ESTAT:NRG_TI_GAS(1.0),04/02/26 23:00:00,Annual,Natural gas,Total,Million cubic metres,Portugal,2018,5817.658,,
ESTAT:NRG_TI_GAS(1.0),04/02/26 23:00:00,Annual,Natural gas,Total,Million cubic metres,Portugal,2019,6069.167,,
ESTAT:NRG_TI_GAS(1.0),04/02/26 23:00:00,Annual,Natural gas,Total,Million cubic metres,Portugal,2020,5920.240,,
ESTAT:NRG_TI_GAS(1.0),04/02/26 23:00:00,Annual,Natural gas,Total,Million cubic metres,Portugal,2021,5727.186,,
ESTAT:NRG_TI_GAS(1.0),04/02/26 23:00:00,Annual,Natural gas,Total,Million cubic metres,Portugal,2022,5802.921,,
ESTAT:NRG_TI_GAS(1.0),04/02/26 23:00:00,Annual,Natural gas,Total,Million cubic metres,Portugal,2023,4332.600,,
ESTAT:NRG_TI_GAS(1.0),04/02/26 23:00:00,Annual,Natural gas,Total,Million cubic metres,Portugal,2024,3606.095,,
ESTAT:NRG_TI_GAS(1.0),04/02/26 23:00:00,Annual,Natural gas,Total,Million cubic metres,Romania,2015,203.000,,
ESTAT:NRG_TI_GAS(1.0),04/02/26 23:00:00,Annual,Natural gas,Total,Million cubic metres,Romania,2016,1476.000,,
ESTAT:NRG_TI_GAS(1.0),04/02/26 23:00:00,Annual,Natural gas,Total,Million cubic metres,Romania,2017,1195.694,,
ESTAT:NRG_TI_GAS(1.0),04/02/26 23:00:00,Annual,Natural gas,Total,Million cubic metres,Romania,2018,1516.552,,
ESTAT:NRG_TI_GAS(1.0),04/02/26 23:00:00,Annual,Natural gas,Total,Million cubic metres,Romania,2019,2681.072,,
ESTAT:NRG_TI_GAS(1.0),04/02/26 23:00:00,Annual,Natural gas,Total,Million cubic metres,Romania,2020,2144.357,,
ESTAT:NRG_TI_GAS(1.0),04/02/26 23:00:00,Annual,Natural gas,Total,Million cubic metres,Romania,2021,3564.649,,
ESTAT:NRG_TI_GAS(1.0),04/02/26 23:00:00,Annual,Natural gas,Total,Million cubic metres,Romania,2022,2851.023,,
ESTAT:NRG_TI_GAS(1.0),04/02/26 23:00:00,Annual,Natural gas,Total,Million cubic metres,Romania,2023,2673.156,,
ESTAT:NRG_TI_GAS(1.0),04/02/26 23:00:00,Annual,Natural gas,Total,Million cubic metres,Romania,2024,2301.139,,
ESTAT:NRG_TI_GAS(1.0),04/02/26 23:00:00,Annual,Natural gas,Total,Million cubic metres,Serbia,2015,1740.000,,
ESTAT:NRG_TI_GAS(1.0),04/02/26 23:00:00,Annual,Natural gas,Total,Million cubic metres,Serbia,2016,1795.000,,
ESTAT:NRG_TI_GAS(1.0),04/02/26 23:00:00,Annual,Natural gas,Total,Million cubic metres,Serbia,2017,2182.632,,
ESTAT:NRG_TI_GAS(1.0),04/02/26 23:00:00,Annual,Natural gas,Total,Million cubic metres,Serbia,2018,2198.330,,
ESTAT:NRG_TI_GAS(1.0),04/02/26 23:00:00,Annual,Natural gas,Total,Million cubic metres,Serbia,2019,2262.610,,
ESTAT:NRG_TI_GAS(1.0),04/02/26 23:00:00,Annual,Natural gas,Total,Million cubic metres,Serbia,2020,1989.886,,
ESTAT:NRG_TI_GAS(1.0),04/02/26 23:00:00,Annual,Natural gas,Total,Million cubic metres,Serbia,2021,2365.051,,
ESTAT:NRG_TI_GAS(1.0),04/02/26 23:00:00,Annual,Natural gas,Total,Million cubic metres,Serbia,2022,2969.595,,
ESTAT:NRG_TI_GAS(1.0),04/02/26 23:00:00,Annual,Natural gas,Total,Million cubic metres,Serbia,2023,2657.624,,
ESTAT:NRG_TI_GAS(1.0),04/02/26 23:00:00,Annual,Natural gas,Total,Million cubic metres,Serbia,2024,2525.934,,
ESTAT:NRG_TI_GAS(1.0),04/02/26 23:00:00,Annual,Natural gas,Total,Million cubic metres,Sweden,2015,812.000,,
ESTAT:NRG_TI_GAS(1.0),04/02/26 23:00:00,Annual,Natural gas,Total,Million cubic metres,Sweden,2016,917.000,,
ESTAT:NRG_TI_GAS(1.0),04/02/26 23:00:00,Annual,Natural gas,Total,Million cubic metres,Sweden,2017,1067.000,,
ESTAT:NRG_TI_GAS(1.0),04/02/26 23:00:00,Annual,Natural gas,Total,Million cubic metres,Sweden,2018,1139.000,,
ESTAT:NRG_TI_GAS(1.0),04/02/26 23:00:00,Annual,Natural gas,Total,Million cubic metres,Sweden,2019,1088.537,,
ESTAT:NRG_TI_GAS(1.0),04/02/26 23:00:00,Annual,Natural gas,Total,Million cubic metres,Sweden,2020,1446.880,,
ESTAT:NRG_TI_GAS(1.0),04/02/26 23:00:00,Annual,Natural gas,Total,Million cubic metres,Sweden,2021,1224.171,,
ESTAT:NRG_TI_GAS(1.0),04/02/26 23:00:00,Annual,Natural gas,Total,Million cubic metres,Sweden,2022,774.006,,
ESTAT:NRG_TI_GAS(1.0),04/02/26 23:00:00,Annual,Natural gas,Total,Million cubic metres,Sweden,2023,910.014,,
ESTAT:NRG_TI_GAS(1.0),04/02/26 23:00:00,Annual,Natural gas,Total,Million cubic metres,Sweden,2024,924.454,,
ESTAT:NRG_TI_GAS(1.0),04/02/26 23:00:00,Annual,Natural gas,Total,Million cubic metres,Slovenia,2015,813.000,,
ESTAT:NRG_TI_GAS(1.0),04/02/26 23:00:00,Annual,Natural gas,Total,Million cubic metres,Slovenia,2016,861.000,,
ESTAT:NRG_TI_GAS(1.0),04/02/26 23:00:00,Annual,Natural gas,Total,Million cubic metres,Slovenia,2017,902.500,,
ESTAT:NRG_TI_GAS(1.0),04/02/26 23:00:00,Annual,Natural gas,Total,Million cubic metres,Slovenia,2018,885.200,,
ESTAT:NRG_TI_GAS(1.0),04/02/26 23:00:00,Annual,Natural gas,Total,Million cubic metres,Slovenia,2019,898.700,,
ESTAT:NRG_TI_GAS(1.0),04/02/26 23:00:00,Annual,Natural gas,Total,Million cubic metres,Slovenia,2020,898.100,,
ESTAT:NRG_TI_GAS(1.0),04/02/26 23:00:00,Annual,Natural gas,Total,Million cubic metres,Slovenia,2021,947.100,,
ESTAT:NRG_TI_GAS(1.0),04/02/26 23:00:00,Annual,Natural gas,Total,Million cubic metres,Slovenia,2022,835.300,,
ESTAT:NRG_TI_GAS(1.0),04/02/26 23:00:00,Annual,Natural gas,Total,Million cubic metres,Slovenia,2023,805.500,,
ESTAT:NRG_TI_GAS(1.0),04/02/26 23:00:00,Annual,Natural gas,Total,Million cubic metres,Slovenia,2024,873.447,,
ESTAT:NRG_TI_GAS(1.0),04/02/26 23:00:00,Annual,Natural gas,Total,Million cubic metres,Slovakia,2015,4407.000,,
ESTAT:NRG_TI_GAS(1.0),04/02/26 23:00:00,Annual,Natural gas,Total,Million cubic metres,Slovakia,2016,4378.000,,
ESTAT:NRG_TI_GAS(1.0),04/02/26 23:00:00,Annual,Natural gas,Total,Million cubic metres,Slovakia,2017,5248.000,,
ESTAT:NRG_TI_GAS(1.0),04/02/26 23:00:00,Annual,Natural gas,Total,Million cubic metres,Slovakia,2018,4396.000,,
ESTAT:NRG_TI_GAS(1.0),04/02/26 23:00:00,Annual,Natural gas,Total,Million cubic metres,Slovakia,2019,6707.000,,
ESTAT:NRG_TI_GAS(1.0),04/02/26 23:00:00,Annual,Natural gas,Total,Million cubic metres,Slovakia,2020,4301.000,,
ESTAT:NRG_TI_GAS(1.0),04/02/26 23:00:00,Annual,Natural gas,Total,Million cubic metres,Slovakia,2021,5131.000,,
ESTAT:NRG_TI_GAS(1.0),04/02/26 23:00:00,Annual,Natural gas,Total,Million cubic metres,Slovakia,2022,6191.000,,
ESTAT:NRG_TI_GAS(1.0),04/02/26 23:00:00,Annual,Natural gas,Total,Million cubic metres,Slovakia,2023,4501.000,,
ESTAT:NRG_TI_GAS(1.0),04/02/26 23:00:00,Annual,Natural gas,Total,Million cubic metres,Slovakia,2024,4055.000,,
ESTAT:NRG_TI_GAS(1.0),04/02/26 23:00:00,Annual,Natural gas,Total,Million cubic metres,Türkiye,2015,48427.000,,
ESTAT:NRG_TI_GAS(1.0),04/02/26 23:00:00,Annual,Natural gas,Total,Million cubic metres,Türkiye,2016,46352.000,,
ESTAT:NRG_TI_GAS(1.0),04/02/26 23:00:00,Annual,Natural gas,Total,Million cubic metres,Türkiye,2017,55250.000,,
ESTAT:NRG_TI_GAS(1.0),04/02/26 23:00:00,Annual,Natural gas,Total,Million cubic metres,Türkiye,2018,50282.000,,
ESTAT:NRG_TI_GAS(1.0),04/02/26 23:00:00,Annual,Natural gas,Total,Million cubic metres,Türkiye,2019,45212.000,,
ESTAT:NRG_TI_GAS(1.0),04/02/26 23:00:00,Annual,Natural gas,Total,Million cubic metres,Türkiye,2020,48125.771,,
ESTAT:NRG_TI_GAS(1.0),04/02/26 23:00:00,Annual,Natural gas,Total,Million cubic metres,Türkiye,2021,58703.930,,
ESTAT:NRG_TI_GAS(1.0),04/02/26 23:00:00,Annual,Natural gas,Total,Million cubic metres,Türkiye,2022,54661.680,,
ESTAT:NRG_TI_GAS(1.0),04/02/26 23:00:00,Annual,Natural gas,Total,Million cubic metres,Türkiye,2023,50483.764,,
ESTAT:NRG_TI_GAS(1.0),04/02/26 23:00:00,Annual,Natural gas,Total,Million cubic metres,Türkiye,2024,52213.130,,
ESTAT:NRG_TI_GAS(1.0),04/02/26 23:00:00,Annual,Natural gas,Total,Million cubic metres,Ukraine,2015,16174.000,,
ESTAT:NRG_TI_GAS(1.0),04/02/26 23:00:00,Annual,Natural gas,Total,Million cubic metres,Ukraine,2016,10719.000,,
ESTAT:NRG_TI_GAS(1.0),04/02/26 23:00:00,Annual,Natural gas,Total,Million cubic metres,Ukraine,2017,13705.000,,
ESTAT:NRG_TI_GAS(1.0),04/02/26 23:00:00,Annual,Natural gas,Total,Million cubic metres,Ukraine,2018,10293.000,,
ESTAT:NRG_TI_GAS(1.0),04/02/26 23:00:00,Annual,Natural gas,Total,Million cubic metres,Ukraine,2019,11567.481,,
ESTAT:NRG_TI_GAS(1.0),04/02/26 23:00:00,Annual,Natural gas,Total,Million cubic metres,Ukraine,2020,8988.000,,
ESTAT:NRG_TI_GAS(1.0),04/02/26 23:00:00,Annual,Natural gas,Total,Million cubic metres,Ukraine,2021,7820.600,,
ESTAT:NRG_TI_GAS(1.0),04/02/26 23:00:00,Annual,Natural gas,Total,Million cubic metres,Ukraine,2022,3175.621,,
ESTAT:NRG_TI_GAS(1.0),04/02/26 23:00:00,Annual,Natural gas,Total,Million cubic metres,United Kingdom,2015,45276.153,,
ESTAT:NRG_TI_GAS(1.0),04/02/26 23:00:00,Annual,Natural gas,Total,Million cubic metres,United Kingdom,2016,48243.028,,
ESTAT:NRG_TI_GAS(1.0),04/02/26 23:00:00,Annual,Natural gas,Total,Million cubic metres,United Kingdom,2017,47155.774,,
ESTAT:NRG_TI_GAS(1.0),04/02/26 23:00:00,Annual,Natural gas,Total,Million cubic metres,United Kingdom,2018,47160.385,,
ESTAT:NRG_TI_GAS(1.0),04/02/26 23:00:00,Annual,Natural gas,Total,Million cubic metres,United Kingdom,2019,47380.347,,
ESTAT:NRG_TI_GAS(1.0),04/02/26 23:00:00,Annual,Natural gas,Total,Million cubic metres,Kosovo*,2015,0.000,,
ESTAT:NRG_TI_GAS(1.0),04/02/26 23:00:00,Annual,Natural gas,Total,Million cubic metres,Kosovo*,2016,0.000,,
ESTAT:NRG_TI_GAS(1.0),04/02/26 23:00:00,Annual,Natural gas,Total,Million cubic metres,Kosovo*,2017,0.000,,
ESTAT:NRG_TI_GAS(1.0),04/02/26 23:00:00,Annual,Natural gas,Total,Million cubic metres,Kosovo*,2018,0.000,,
ESTAT:NRG_TI_GAS(1.0),04/02/26 23:00:00,Annual,Natural gas,Total,Million cubic metres,Kosovo*,2019,0.000,,
ESTAT:NRG_TI_GAS(1.0),04/02/26 23:00:00,Annual,Natural gas,Total,Million cubic metres,Kosovo*,2020,0.000,,
ESTAT:NRG_TI_GAS(1.0),04/02/26 23:00:00,Annual,Natural gas,Total,Million cubic metres,Kosovo*,2021,0.000,,
ESTAT:NRG_TI_GAS(1.0),04/02/26 23:00:00,Annual,Natural gas,Total,Million cubic metres,Kosovo*,2022,0.000,,
ESTAT:NRG_TI_GAS(1.0),04/02/26 23:00:00,Annual,Natural gas,Total,Million cubic metres,Kosovo*,2023,0.000,,
ESTAT:NRG_TI_GAS(1.0),04/02/26 23:00:00,Annual,Natural gas,Total,Million cubic metres,Kosovo*,2024,0.000,,
